Date,Portfolio
2018-01-04,0.004389619702045461
2018-01-05,0.006302610146371388
2018-01-08,0.0003696989548698028
2018-01-09,0.0012061736663129185
2018-01-10,-0.0007191207521089533
2018-01-11,0.0014790742781095514
2018-01-12,0.00717020405915555
2018-01-15,0.0024348185721292355
2018-01-16,0.0007356299352301561
2018-01-17,0.00406425250540661
2018-01-18,-0.0019937900790836104
2018-01-19,0.005602919429702176
2018-01-22,0.004511381146108874
2018-01-23,0.00021559398135251252
2018-01-24,0.0032607234584512753
2018-01-25,0.0004763899372049851
2018-01-26,0.004460413244251261
2018-01-29,-0.00030999402822687316
2018-01-30,-0.007462782660138303
2018-01-31,0.001064175655586839
2018-02-01,0.0008941259674630597
2018-02-02,-0.006715319173445627
2018-02-05,-0.01833597272646764
2018-02-06,-0.002940901974150748
2018-02-07,0.0027039877093284113
2018-02-08,-0.01678307446677666
2018-02-09,-8.695516805915979e-05
2018-02-12,0.009209284037765483
2018-02-13,-2.4590659062598665e-05
2018-02-14,0.013150047078243788
2018-02-15,0.005339628883914725
2018-02-16,0.0025522845242377614
2018-02-19,-0.00258507872748251
2018-02-20,-0.0034602525581955267
2018-02-21,-0.0010700622613962643
2018-02-22,-0.0012675795892095674
2018-02-23,0.004099308509930367
2018-02-26,0.004079641136034908
2018-02-27,-0.004269890167465129
2018-02-28,-0.007227681737181501
2018-03-01,-0.011173837541187231
2018-03-02,0.003039208527392033
2018-03-05,0.006229144990440287
2018-03-06,0.0034838518292411146
2018-03-07,0.0013727754393374897
2018-03-08,0.0019059458135377034
2018-03-09,0.005196738335508473
2018-03-12,-0.0011129591256970437
2018-03-13,-0.0030840177709256676
2018-03-14,-0.002565225806712026
2018-03-15,2.4068610382050866e-05
2018-03-16,0.0007312696568758609
2018-03-19,-0.006517077115106274
2018-03-20,0.0026914597928358605
2018-03-21,-0.00015680248216974277
2018-03-22,-0.010942970133272174
2018-03-23,-0.006418361318425253
2018-03-26,0.008550777117132516
2018-03-27,-0.005216434851241418
2018-03-28,-0.003775846886446163
2018-03-29,0.0028868512207101396
2018-03-30,-0.00012059877218090876
2018-04-02,-0.0040245096726150235
2018-04-03,0.0030373896335785374
2018-04-04,0.003418739422457565
2018-04-05,0.00731753249696478
2018-04-06,-0.00939029155220037
2018-04-09,0.0027739679986526567
2018-04-10,0.008447344943777906
2018-04-11,-0.00021652962889426623
2018-04-12,0.0028955746619045834
2018-04-13,-0.0005351150148246782
2018-04-16,0.0025727762205615865
2018-04-17,0.00548117226077091
2018-04-18,0.003260098695077982
2018-04-19,-0.0008984344030957916
2018-04-20,-0.002924201986210442
2018-04-23,-0.001471620681274721
2018-04-24,-0.0035409372510526275
2018-04-25,-0.0005239464662894829
2018-04-26,0.0012533247144368564
2018-04-27,-0.0004652928959968069
2018-04-30,-0.0025772819388041705
2018-05-01,-0.0004635671286312569
2018-05-02,-0.003273605749055599
2018-05-03,-0.002116961076878596
2018-05-04,0.00590820451273131
2018-05-07,0.001355334833855091
2018-05-08,-0.00017851153560426375
2018-05-09,0.003514730979061278
2018-05-10,0.0027885968805333354
2018-05-11,0.0011859874314727736
2018-05-14,0.0012824383231249882
2018-05-15,-0.003931099344932571
2018-05-16,-3.5057021727362056e-05
2018-05-17,0.0014576781381665958
2018-05-18,-0.0032370992008632195
2018-05-21,0.0016572743659637472
2018-05-22,0.0004819231607807919
2018-05-23,-0.0040576427446964896
2018-05-24,-0.001592195030196952
2018-05-25,-0.0026114139361844563
2018-05-28,-0.0024461886370230976
2018-05-29,-0.014136256635350359
2018-05-30,0.006100963104397509
2018-05-31,-0.002805480746412033
2018-06-01,0.0081521153469332
2018-06-04,0.003024131094525648
2018-06-05,8.411671490589248e-05
2018-06-06,0.00506899147012729
2018-06-07,-0.0004416458110959743
2018-06-08,0.00042308562810056507
2018-06-11,0.002832176335540795
2018-06-12,-0.0004975077259995579
2018-06-13,-0.00046936725920708835
2018-06-14,0.004510843519933014
2018-06-15,-0.010999830925497056
2018-06-18,-0.00201349677368622
2018-06-19,-0.003655378342750619
2018-06-20,0.0005481504236492841
2018-06-21,-0.005878505522587337
2018-06-22,0.0033803639127096795
2018-06-25,-0.008591355232337908
2018-06-26,8.59163064882144e-05
2018-06-27,-0.0042750757839297585
2018-06-28,-0.00160926055146665
2018-06-29,0.002625900924351272
2018-07-02,0.0002743067350127529
2018-07-03,0.0008139020070795642
2018-07-04,0.0006273968498871347
2018-07-05,0.005294292447854518
2018-07-06,0.002752608580966532
2018-07-09,0.005912662957572701
2018-07-10,0.001631359325464688
2018-07-11,-0.008448828292373143
2018-07-12,0.0038421049347497436
2018-07-13,-0.0009819557999889903
2018-07-16,0.0003085315327293057
2018-07-17,0.0003931729852410864
2018-07-18,0.001755211403964391
2018-07-19,-0.003707297358086826
2018-07-20,0.0020386892749627693
2018-07-23,0.003180819777937224
2018-07-24,0.0017449724205174104
2018-07-25,0.0024958484139676754
2018-07-26,0.0026425308359102765
2018-07-27,-0.003521055800051501
2018-07-30,-0.00198283866381727
2018-07-31,0.003036979955012753
2018-08-01,-0.00025939986170672486
2018-08-02,-0.003920700817720442
2018-08-03,0.0002573492898497805
2018-08-06,-0.0007322375249519312
2018-08-07,0.0033278755330426084
2018-08-08,0.0005096657174783743
2018-08-09,-0.0016024347750901173
2018-08-10,-0.010390667227799216
2018-08-13,-0.0070298715514219776
2018-08-14,0.0029422847599513977
2018-08-15,-0.010376169949738494
2018-08-16,0.0038818373382380595
2018-08-17,0.0013191966342002142
2018-08-20,0.003103888157770581
2018-08-21,0.004328992493237695
2018-08-22,0.0017387456949081444
2018-08-23,-0.002054387608283901
2018-08-24,0.005017669776517403
2018-08-27,0.006995741280457327
2018-08-28,0.0011780159560202293
2018-08-29,0.0018514589089488904
2018-08-30,-0.004444218819506898
2018-08-31,-0.0027751396097120545
2018-09-03,-0.0009703002382759572
2018-09-04,-0.001925835849617539
2018-09-05,-0.003593551354300106
2018-09-06,-0.0017436509631872362
2018-09-07,0.0003630145222937389
2018-09-10,0.0002449755848075296
2018-09-11,0.0036204013917608114
2018-09-12,0.0020881061337305632
2018-09-13,0.002128318581136145
2018-09-14,0.0016839090635449917
2018-09-17,-0.001645915832037485
2018-09-18,0.004102815981906307
2018-09-19,0.0032028746703674227
2018-09-20,0.004795421644502383
2018-09-21,0.001248012825871846
2018-09-24,-0.0018279902968594826
2018-09-25,0.0010815014115651677
2018-09-26,-0.0023670480405091725
2018-09-27,-0.0005872883791134118
2018-09-28,-0.0033077127047228504
2018-10-01,0.0014601134360023107
2018-10-02,-0.0002998609322040342
2018-10-03,0.003432815941898143
2018-10-04,-0.004615817896444637
2018-10-05,-0.0011572291608324568
2018-10-08,-0.004760516110250786
2018-10-09,-0.0004965367305518995
2018-10-10,-0.012252269027906836
2018-10-11,-0.006566408663609094
2018-10-12,0.0036663697261107775
2018-10-15,0.000600422054939376
2018-10-16,0.009765676327789777
2018-10-17,-0.000955963336656397
2018-10-18,-0.007259139297762621
2018-10-19,-0.0003421000046876755
2018-10-22,-0.002459640389649465
2018-10-23,-0.004442279630421369
2018-10-24,-0.012235804413746623
2018-10-25,0.007003839174003054
2018-10-26,-0.008840231295915425
2018-10-29,-0.0013111730422349682
2018-10-30,0.004203966003382844
2018-10-31,0.00576048049285867
2018-11-01,0.0064421075234110635
2018-11-02,0.0016342250084616537
2018-11-05,0.0011750785864770691
2018-11-06,0.0009487355250751785
2018-11-07,0.009505911231248587
2018-11-08,-0.0012469770479542285
2018-11-09,-0.00854373637322797
2018-11-12,-0.009880613910314912
2018-11-13,-0.001798676820383326
2018-11-14,-0.001462013190282382
2018-11-15,0.00297703165132613
2018-11-16,0.00018998504775162507
2018-11-19,-0.004933842115185558
2018-11-20,-0.0085644733160895
2018-11-21,0.003416598805553009
2018-11-22,-0.0014549277047472661
2018-11-23,-0.0020536903804703696
2018-11-26,0.006173423161181775
2018-11-27,-0.001525836248415098
2018-11-28,0.007637778035519057
2018-11-29,0.0010908887074355343
2018-11-30,0.0014362611676504418
2018-12-03,0.0065304256730543166
2018-12-04,-0.012390664883255006
2018-12-05,-0.0026705906451420405
2018-12-06,-0.009223070854859575
2018-12-07,-0.005309387598655384
2018-12-10,-0.002034301883399312
2018-12-11,0.0021498765473304195
2018-12-12,0.005784537437531947
2018-12-13,0.0009960244677502113
2018-12-14,-0.008824653287100396
2018-12-17,-0.008705165491144952
2018-12-18,-0.0015786008403973492
2018-12-19,-0.004679875814822694
2018-12-20,-0.005689821894851391
2018-12-21,-0.006475055178067478
2018-12-24,-0.00909707381451405
2018-12-25,0.0005466408776726226
2018-12-26,0.01672313570135623
2018-12-27,-0.003332240986716862
2018-12-28,0.004322591508845679
2018-12-31,0.0005979398936277517
2019-01-01,0.0009264996202792893
2019-01-02,-0.0006791508115718246
2019-01-03,-0.014612891668969607
2019-01-04,0.019844667398211557
2019-01-07,0.0033945307778883425
2019-01-08,0.006204224819327217
2019-01-09,0.0032025902595376595
2019-01-10,0.002823723735450414
2019-01-11,-0.001922802563188678
2019-01-14,-0.002779214979714825
2019-01-15,0.0038490204718744712
2019-01-16,0.0018560232438884902
2019-01-17,0.0019921352921047466
2019-01-18,0.007817702441360135
2019-01-21,-0.0011050238187664987
2019-01-22,-0.00676992694940883
2019-01-23,0.0015289980490187892
2019-01-24,-0.0004504661360011362
2019-01-25,0.007909460072190436
2019-01-28,-0.0018180609862017993
2019-01-29,0.0006023170368147659
2019-01-30,0.004880539170544845
2019-01-31,0.00257357436368634
2019-02-01,0.0020211236861294164
2019-02-04,0.0025766643748639452
2019-02-05,0.003375867835212166
2019-02-06,-0.001988614406391762
2019-02-07,-0.00937227971114529
2019-02-08,-0.001340928059115845
2019-02-11,0.0019335200331065372
2019-02-12,0.0058212071490899644
2019-02-13,0.003751064588377315
2019-02-14,-0.005319146090226611
2019-02-15,0.009035044505240538
2019-02-18,0.00026576187939339783
2019-02-19,0.0029592123198137307
2019-02-20,0.0030579204933182443
2019-02-21,-0.0024396233431060654
2019-02-22,0.0019017541645722606
2019-02-25,0.001111927457967931
2019-02-26,-0.0007398395751312206
2019-02-27,0.0009080337759525335
2019-02-28,-0.0002140031339060882
2019-03-01,0.0018764315783480461
2019-03-04,-0.0038229931937364004
2019-03-05,-0.0008489059768297255
2019-03-06,-0.0033059163729285317
2019-03-07,-0.005552921452142248
2019-03-08,-0.0025998852577219524
2019-03-11,0.0056559636983989255
2019-03-12,0.001044163411047961
2019-03-13,0.005705758926944175
2019-03-14,0.00018234330527993367
2019-03-15,0.003587794493819587
2019-03-18,0.001536851325836947
2019-03-19,0.002671948419126507
2019-03-20,-0.006475313578717909
2019-03-21,0.005163542538493314
2019-03-22,-0.012816967493950405
2019-03-25,-0.0018376519470001478
2019-03-26,0.002249500573273176
2019-03-27,-0.004312095897957379
2019-03-28,-0.001903315799796065
2019-03-29,0.005047122710830209
2019-04-01,0.008007447493558292
2019-04-02,-0.00010361852074045259
2019-04-03,0.004369312317079026
2019-04-04,0.0014245956268185893
2019-04-05,0.001112323885065771
2019-04-08,0.0014080742211020811
2019-04-09,-0.0021982401994052113
2019-04-10,0.001635997163075051
2019-04-11,-0.0012687150425702315
2019-04-12,0.004944583688269747
2019-04-15,-0.000114626111415508
2019-04-16,0.00019361352146361386
2019-04-17,-0.00027009589230639537
2019-04-18,0.000631110587087724
2019-04-19,-0.0010861026045466474
2019-04-22,0.001872811269015694
2019-04-23,0.0017252577172235293
2019-04-24,-0.0022547857572684576
2019-04-25,-0.0014680451593912373
2019-04-26,0.0018597433504383867
2019-04-29,0.0008962884240639865
2019-04-30,0.0012190851460401717
2019-05-01,-0.001846796061518336
2019-05-02,-0.0025912921478372466
2019-05-03,0.0038296905678654966
2019-05-06,-0.004237155923558595
2019-05-07,-0.01013039694860195
2019-05-08,0.0010093510344376258
2019-05-09,-0.00508377758559168
2019-05-10,0.002415073804510131
2019-05-13,-0.009312759120648603
2019-05-14,0.004682328422999587
2019-05-15,0.0010940130699574192
2019-05-16,0.0051356738414370775
2019-05-17,-0.005252434898251321
2019-05-20,-0.004259831130537518
2019-05-21,0.0033559920146944205
2019-05-22,-0.001954317584545951
2019-05-23,-0.009763080799654678
2019-05-24,0.0032656833649438765
2019-05-27,0.0012425509317738712
2019-05-28,-0.007165050010501487
2019-05-29,-0.00634643700769569
2019-05-30,0.0006403023153920648
2019-05-31,-0.006159818751688893
2019-06-03,0.0008244165874835585
2019-06-04,0.011572473471740789
2019-06-05,0.0038908267394133673
2019-06-06,0.002740135792491806
2019-06-07,0.0049935443236754475
2019-06-10,0.002483573703161521
2019-06-11,0.0013157519288507812
2019-06-12,-0.001044802561671749
2019-06-13,0.00024172960920986657
2019-06-14,-0.0011908007726369107
2019-06-17,-0.0011539957523345507
2019-06-18,0.007035634961081987
2019-06-19,-0.0012853875058748737
2019-06-20,0.009988033399986777
2019-06-21,0.004335860435772763
2019-06-24,0.000673041133148315
2019-06-25,-0.004499141759947888
2019-06-26,0.0012687919805011143
2019-06-27,-0.0014288699752159442
2019-06-28,0.003436129466821153
2019-07-01,0.0017602723872103606
2019-07-02,-6.692200844015663e-05
2019-07-03,0.004930997295775808
2019-07-04,0.00010839962111035473
2019-07-05,0.0002698132720780058
2019-07-08,-0.003374374225882175
2019-07-09,0.0004220411787429025
2019-07-10,0.0028769743745984187
2019-07-11,0.0033100765023460943
2019-07-12,0.0014529135980627568
2019-07-15,0.00020986845700239978
2019-07-16,0.0009964903262463616
2019-07-17,-0.005180158632849466
2019-07-18,-0.00013940639897682804
2019-07-19,-0.0010950330105783152
2019-07-22,0.0004211790500661193
2019-07-23,0.0050510539381140186
2019-07-24,-0.0003606736029745256
2019-07-25,-0.003124283717039586
2019-07-26,0.004075856577664479
2019-07-29,-0.0018897005467658097
2019-07-30,-0.00234624541942296
2019-07-31,-0.005249208008351001
2019-08-01,-0.011484186433303126
2019-08-02,-0.006002038882678367
2019-08-05,-0.016519033708263506
2019-08-06,0.006434668947211161
2019-08-07,0.002156467184906843
2019-08-08,0.010046534806937386
2019-08-09,-0.003884409325466285
2019-08-12,-0.008244413059138984
2019-08-13,0.008570795352798605
2019-08-14,-0.018034400252976826
2019-08-15,-0.003083651840096937
2019-08-16,0.00627907119235341
2019-08-19,0.007805469400677886
2019-08-20,-0.005489028623020548
2019-08-21,0.00639607689789808
2019-08-22,-0.00043408939818964437
2019-08-23,-0.011710857924820397
2019-08-26,0.00627977314736701
2019-08-27,-0.002090090186221958
2019-08-28,-0.0006309675840840564
2019-08-29,0.008297827908396492
2019-08-30,-0.0009702169702537883
2019-09-02,-0.0009354381394116846
2019-09-03,-0.002383764873002572
2019-09-04,0.005186227699823463
2019-09-05,0.009389121442426797
2019-09-06,-0.0012825111960460588
2019-09-09,0.0036861895384130566
2019-09-10,0.004050672835238739
2019-09-11,0.00556747870131085
2019-09-12,0.005310117451454443
2019-09-13,0.006251767553901592
2019-09-16,-0.003962202998939932
2019-09-17,-0.0017912767824762117
2019-09-18,0.0006062187479070039
2019-09-19,-0.0012714120381633865
2019-09-20,-3.324248601885467e-06
2019-09-23,-0.00305025825629289
2019-09-24,-0.006542538420017011
2019-09-25,0.0033233378344090557
2019-09-26,-0.0031726827896296286
2019-09-27,-0.0030890094224477766
2019-09-30,-0.0013057425821860476
2019-10-01,-0.007034464848044071
2019-10-02,-0.01124492661620237
2019-10-03,0.00012465928193406165
2019-10-04,0.004661537280258073
2019-10-07,0.0016215302240189925
2019-10-08,-0.008300305764688733
2019-10-09,0.008715029547659106
2019-10-10,0.006999364732532671
2019-10-11,0.011876772281202975
2019-10-14,-0.0007189487092226548
2019-10-15,0.005593288983107623
2019-10-16,-0.0003678474526172472
2019-10-17,0.0020542287215893373
2019-10-18,-0.001871743469513373
2019-10-21,0.005480826694704125
2019-10-22,-0.00232354573589815
2019-10-23,0.001157873783442848
2019-10-24,0.003034211566619276
2019-10-25,0.0029331534397979953
2019-10-28,0.0029457144455019555
2019-10-29,-0.0015593041945467711
2019-10-30,-4.767192561504815e-05
2019-10-31,-0.004787339276335751
2019-11-01,0.005715379013588533
2019-11-04,0.006856013397497616
2019-11-05,0.0003195801875917545
2019-11-06,-0.0016655259023725757
2019-11-07,0.00419042598506192
2019-11-08,-0.0005642240099875263
2019-11-11,-0.0009719382892772549
2019-11-12,-0.000697742076561558
2019-11-13,-0.0016371627192907435
2019-11-14,-0.0019204074742840051
2019-11-15,0.0040933382005962065
2019-11-18,-0.0005206912998998996
2019-11-19,-0.001215837917155567
2019-11-20,-0.004402532802092346
2019-11-21,-0.00017714712005295619
2019-11-22,0.0009457489184241031
2019-11-25,0.0011051304778900489
2019-11-26,-0.0005355902464913454
2019-11-27,0.002452017316013932
2019-11-28,-0.0007729762958212157
2019-11-29,0.0010509892813812746
2019-12-02,-0.0037941982066434735
2019-12-03,-0.006782055913944378
2019-12-04,0.008256844358212573
2019-12-05,0.0010465148687878604
2019-12-06,0.005589474905006074
2019-12-09,-0.003566202327327831
2019-12-10,0.00042956072158416314
2019-12-11,0.0007777551338438971
2019-12-12,0.009797824023786287
2019-12-13,-0.0007378913449670151
2019-12-16,0.00710706287522004
2019-12-17,-0.0013485431029004137
2019-12-18,0.0013576204690903524
2019-12-19,0.0006310771814642957
2019-12-20,0.003646415079434899
2019-12-23,0.0014241477909794603
2019-12-24,0.0011207515423725207
2019-12-25,-6.654736493747999e-05
2019-12-26,0.0027240209420459137
2019-12-27,-0.0006361146656907611
2019-12-30,-0.0008704554330932924
2019-12-31,0.003157500181589473
2020-01-01,0.0003305285172248428
2020-01-02,0.001213278674610429
2020-01-03,-0.0035928636907547285
2020-01-06,0.0032410989900900256
2020-01-07,0.001754300439112419
2020-01-08,0.00209919134971087
2020-01-09,0.0008856888691181214
2020-01-10,-0.0022768212068516778
2020-01-13,0.0017460372631895558
2020-01-14,-0.0027793738811931245
2020-01-15,-0.0002502917583893278
2020-01-16,0.003956731134825083
2020-01-17,0.005440423698689087
2020-01-20,-0.0012946372451943366
2020-01-21,-0.005302533454990268
2020-01-22,-0.0012816770650678805
2020-01-23,-0.0016785389041567083
2020-01-24,-0.0038380170775535486
2020-01-27,-0.014635113018068819
2020-01-28,0.006389161765967481
2020-01-29,-0.002119357143901575
2020-01-30,-0.002166067648912242
2020-01-31,-0.010402553516816715
2020-02-03,0.003659418690771381
2020-02-04,0.009706523359556926
2020-02-05,0.009281484916947134
2020-02-06,0.002271605021807354
2020-02-07,-0.0059968839900881
2020-02-10,8.823249229881211e-05
2020-02-11,0.0031474226306451585
2020-02-12,0.0062451382095342674
2020-02-13,-0.0015073005172896578
2020-02-14,-0.0011464311193417828
2020-02-17,0.0005613684498245403
2020-02-18,-0.0016392723384911067
2020-02-19,0.0039004337432774583
2020-02-20,-0.004849540269676787
2020-02-21,-0.004938074727010852
2020-02-24,-0.020718685658049362
2020-02-25,-0.019764055225689418
2020-02-26,-0.0025976966778727736
2020-02-27,-0.02124721282463272
2020-02-28,-0.03158124838201682
2020-03-02,0.015096684351565706
2020-03-03,-0.006186343301535776
2020-03-04,0.013998599913087537
2020-03-05,-0.018283493127703637
2020-03-06,-0.03821921515326631
2020-03-09,-0.0727420969100995
2020-03-10,0.04996293915013296
2020-03-11,-0.009727053564047112
2020-03-12,-0.060414398402368355
2020-03-13,0.030319801259519302
2020-03-16,-0.08029395046877559
2020-03-17,0.060670672195875186
2020-03-18,-0.012860917415764957
2020-03-19,-0.006098322916559887
2020-03-20,-0.02829148496298736
2020-03-23,-0.022862366411926374
2020-03-24,0.06402214243694421
2020-03-25,0.011942698031920204
2020-03-26,0.01967582072253938
2020-03-27,-0.027087376841062966
2020-03-30,0.002838711738656184
2020-03-31,-0.005992421497327936
2020-04-01,-0.0315320282865018
2020-04-02,0.01071723616025658
2020-04-03,-0.014041238748757973
2020-04-06,0.04873794381834166
2020-04-07,0.010869271247045991
2020-04-08,0.015088040145108107
2020-04-09,0.01026493908505089
2020-04-10,0.001170155433167186
2020-04-13,0.0007441438438885446
2020-04-14,0.012334059111201142
2020-04-15,-0.0330238305126703
2020-04-16,-0.004872720679396611
2020-04-17,0.015873317570764107
2020-04-20,-0.006706729567629471
2020-04-21,-0.029643105686645063
2020-04-22,0.023745352687672402
2020-04-23,-0.0002338796789807658
2020-04-24,-0.003469886944344368
2020-04-27,0.018619921745982607
2020-04-28,-0.005551111174896501
2020-04-29,0.014324386546253178
2020-04-30,-0.009697012931454259
2020-05-01,-0.0029034019774171996
2020-05-04,-0.005554444791374072
2020-05-05,0.008662215710173579
2020-05-06,-4.411248304680808e-05
2020-05-07,-0.0022547350275823556
2020-05-08,0.01401946397654958
2020-05-11,0.0029379080937981944
2020-05-12,-0.012508776563135997
2020-05-13,-0.013027524048781913
2020-05-14,-0.0025309938997705
2020-05-15,0.006712599244011458
2020-05-18,0.03208859050233187
2020-05-19,-0.005185778622295007
2020-05-20,0.0041847075863906255
2020-05-21,-0.005244194584259012
2020-05-22,-0.0037348387746230765
2020-05-25,0.00365899790622302
2020-05-26,0.008031054001026373
2020-05-27,0.007315575573837385
2020-05-28,0.006790100924284687
2020-05-29,-0.006009351260851585
2020-06-01,0.0040746872561179676
2020-06-02,0.010824918610629012
2020-06-03,0.02013774670382889
2020-06-04,0.009269706101021069
2020-06-05,0.021670496426062065
2020-06-08,0.002582791762482417
2020-06-09,-0.009823685295656501
2020-06-10,-0.013205185167072173
2020-06-11,-0.03831918308990651
2020-06-12,0.00960459584423254
2020-06-15,0.0001252075815342716
2020-06-16,0.02230561381814493
2020-06-17,-0.003980541577824681
2020-06-18,-0.007269361448413378
2020-06-19,0.0017733131242771087
2020-06-22,0.0018933455672776693
2020-06-23,0.009056448999516598
2020-06-24,-0.017908312150580908
2020-06-25,0.0017088906482505396
2020-06-26,-0.01341412136657894
2020-06-29,0.006431236771392987
2020-06-30,0.009772652263943336
2020-07-01,0.0030792773196240304
2020-07-02,0.006521489876110598
2020-07-03,-0.001795425240415793
2020-07-06,0.010964972689777898
2020-07-07,-0.007156670630918969
2020-07-08,0.0012347390040820289
2020-07-09,-0.011528274146442379
2020-07-10,0.00876952013179155
2020-07-13,0.003324141668410289
2020-07-14,-0.0011230133224490561
2020-07-15,0.009749167978958095
2020-07-16,-0.00597860588371111
2020-07-17,0.0040738634600000784
2020-07-20,0.004305613957060449
2020-07-21,0.00255812734809136
2020-07-22,0.0013329891693139562
2020-07-23,-0.002604779797407783
2020-07-24,-0.002970881651846541
2020-07-27,0.009555771460081557
2020-07-28,-0.0032043906813129133
2020-07-29,0.003198067526014977
2020-07-30,-0.013627161715467618
2020-07-31,0.0028519316655229313
2020-08-03,0.010472411321457216
2020-08-04,-0.00423332902927447
2020-08-05,0.011931349240820286
2020-08-06,0.0018720656412098882
2020-08-07,0.0016662678797877096
2020-08-10,0.0032005902540796303
2020-08-11,0.005605493820864501
2020-08-12,0.008049523902536741
2020-08-13,0.008027010662114326
2020-08-14,-0.004946717831596121
2020-08-17,0.0026282136194914086
2020-08-18,-0.0005149322642452609
2020-08-19,-0.0016523316306482764
2020-08-20,-0.010716947931005767
2020-08-21,0.00012778691980621824
2020-08-24,0.006307188665795372
2020-08-25,0.004662619295478328
2020-08-26,0.009077825743008215
2020-08-27,0.00535442445418636
2020-08-28,0.0028106575224042885
2020-08-31,-0.006369418062290335
2020-09-01,-0.00010921081613457896
2020-09-02,0.0013100513513861927
2020-09-03,-0.019285503894937432
2020-09-04,0.009149406232581403
2020-09-07,0.0031638023420920815
2020-09-08,-0.015822614032095214
2020-09-09,0.012543964757152682
2020-09-10,-0.0070553172728382
2020-09-11,-0.003400813844127866
2020-09-14,0.006038938994966725
2020-09-15,0.004465051689489205
2020-09-16,0.0001436561650870016
2020-09-17,-0.00707506348906414
2020-09-18,-0.0019145581496623197
2020-09-21,-0.01980999870148388
2020-09-22,0.0007042231639532294
2020-09-23,-0.009538403455026025
2020-09-24,-0.0018386371631824475
2020-09-25,0.0013781440104051064
2020-09-28,0.011785695762123488
2020-09-29,-0.0017231354435460018
2020-09-30,0.006376966136142089
2020-10-01,0.0035439151892451243
2020-10-02,-0.0008569557134650895
2020-10-05,0.01710384313761233
2020-10-06,-0.006041330153955804
2020-10-07,0.008034264390041469
2020-10-08,0.002227029605933139
2020-10-09,0.008226621810062583
2020-10-12,0.007821871469921004
2020-10-13,-0.01328123613210332
2020-10-14,-0.002949090659821139
2020-10-15,-0.003975304971672927
2020-10-16,0.004201648638552022
2020-10-19,-0.002131411690741002
2020-10-20,0.0064599787572920545
2020-10-21,0.0012670074773312723
2020-10-22,0.0027734927207795673
2020-10-23,0.0013633828712615514
2020-10-26,-0.015803357269193748
2020-10-27,-0.006086600694677868
2020-10-28,-0.021365183717211675
2020-10-29,0.008276015299424247
2020-10-30,-0.0007678225028766483
2020-11-02,0.0072423860539656435
2020-11-03,0.016200512879547935
2020-11-04,-0.0027347827994436535
2020-11-05,0.015015354268873089
2020-11-06,0.006666348462993457
2020-11-09,0.022440002374650297
2020-11-10,0.00433120156934551
2020-11-11,0.0005465948528329339
2020-11-12,-0.012580272413096364
2020-11-13,0.006967085654977166
2020-11-16,0.007776803304655954
2020-11-17,-0.005192616989699784
2020-11-18,-0.002660921020911226
2020-11-19,-0.0053850518895023555
2020-11-20,-0.0025625007225054553
2020-11-23,0.0009929067430917145
2020-11-24,0.006239309900885269
2020-11-25,0.0003662784808589674
2020-11-26,0.0002726165550953537
2020-11-27,-0.005231691493350014
2020-11-30,-0.0029214294193585736
2020-12-01,0.019080547266867334
2020-12-02,0.005346097021347807
2020-12-03,-0.00154773630821445
2020-12-04,0.009498940037344344
2020-12-07,-0.0030231412616401705
2020-12-08,-0.000204511804320968
2020-12-09,-0.003139230070538241
2020-12-10,-0.00497751261279669
2020-12-11,-0.002369699722679537
2020-12-14,-0.00177548368022175
2020-12-15,0.011086279762792233
2020-12-16,0.0019220047306290403
2020-12-17,0.007876766736769767
2020-12-18,0.0008834629187553975
2020-12-21,-0.008918259824899247
2020-12-22,-0.0012919635502768876
2020-12-23,0.006592423609675339
2020-12-24,-0.001176855966488171
2020-12-25,-0.00010970171893282995
2020-12-28,0.005221893798923328
2020-12-29,0.0004449362271930664
2020-12-30,0.0005689684852818134
2020-12-31,0.0019355771223016343
2021-01-01,-0.0019547035768827602
2021-01-04,0.0016684854340040418
2021-01-05,0.0060832313080471274
2021-01-06,0.010005900666641414
2021-01-07,0.009022048467585067
2021-01-08,-0.003468864361966425
2021-01-11,-0.0006147735174872747
2021-01-12,-0.000960989529528465
2021-01-13,-0.0016199395003091803
2021-01-14,0.0028230790918184127
2021-01-15,-0.009818003132361773
2021-01-18,-0.0011999488836287493
2021-01-19,0.002835503760142425
2021-01-20,0.009421258694956598
2021-01-21,0.0010612921707330517
2021-01-22,-0.0036213844821053544
2021-01-25,-0.006493279745931001
2021-01-26,0.0009395928973941841
2021-01-27,-0.01385520430088704
2021-01-28,0.006517235803738164
2021-01-29,-0.0055301245411781925
2021-02-01,0.007640456531893525
2021-02-02,0.005860141939173666
2021-02-03,0.0033936610111520624
2021-02-04,0.001000879780766845
2021-02-05,0.005784559863985227
2021-02-08,0.005557842642299026
2021-02-09,-0.0003814519503980012
2021-02-10,-0.0012225731261364882
2021-02-11,0.002261461404388928
2021-02-12,0.00607976228628203
2021-02-15,0.0019223478592160547
2021-02-16,0.004807833447339623
2021-02-17,-0.004953913517685147
2021-02-18,-0.003906437614436553
2021-02-19,0.006602567405793529
2021-02-22,0.0027977694283375055
2021-02-23,-0.0003798314721121771
2021-02-24,0.005133175410695599
2021-02-25,-0.0018231156685384747
2021-02-26,-0.013460457314253708
2021-03-01,0.008095176542183925
2021-03-02,-0.003952265912439268
2021-03-03,-0.0013547641431072015
2021-03-04,-0.0015260621210695467
2021-03-05,0.002494954057602002
2021-03-08,0.0029872002681050245
2021-03-09,0.005583076086445539
2021-03-10,0.003236952183549438
2021-03-11,0.005469726354206784
2021-03-12,0.007177473617907643
2021-03-15,0.0005173440248634462
2021-03-16,0.0012866974964753802
2021-03-17,0.0011807859325673026
2021-03-18,0.0037264450516703105
2021-03-19,-0.0016707432343535521
2021-03-22,-0.0018803085834253413
2021-03-23,-0.006098778800520704
2021-03-24,-0.003445173026443856
2021-03-25,0.00018468427164342104
2021-03-26,0.009757248402115478
2021-03-29,0.002042857968605258
2021-03-30,-0.002049486112282286
2021-03-31,0.004593578690291081
2021-04-01,0.0025400253497666397
2021-04-02,0.0008697926155226308
2021-04-05,0.0065708544416083845
2021-04-06,-0.0003150621090566418
2021-04-07,0.0003448095794010746
2021-04-08,0.0029474408499363795
2021-04-09,0.0035835091506959335
2021-04-12,-0.0020212596232159234
2021-04-13,5.340933890214715e-05
2021-04-14,-0.0004783266649882803
2021-04-15,0.0013692393585469087
2021-04-16,0.007119138596405983
2021-04-19,-0.0016020125709251488
2021-04-20,-0.006352070327853154
2021-04-21,0.006189838063673306
2021-04-22,-0.0026492536634295147
2021-04-23,0.0031665678870631446
2021-04-26,0.002592039104708589
2021-04-27,0.0024794623207687197
2021-04-28,-0.0006194722878415063
2021-04-29,0.0025210032845007545
2021-04-30,-0.004064535761330168
2021-05-03,0.0016843526480070055
2021-05-04,-0.007949138750423015
2021-05-05,0.0038070043073067175
2021-05-06,0.00418120866709621
2021-05-07,0.007674458394933806
2021-05-10,0.0002743293552019913
2021-05-11,-0.005799228624878705
2021-05-12,-0.0035517539248691938
2021-05-13,0.0010660093250799212
2021-05-14,0.007480331711266508
2021-05-17,0.0034189179712475035
2021-05-18,-0.0023800588712703983
2021-05-19,0.0006684778514286476
2021-05-20,0.0025935353079500844
2021-05-21,0.0012501231666938294
2021-05-24,0.001626623876056826
2021-05-25,-0.0009612987171448097
2021-05-26,0.0018835035109996258
2021-05-27,0.0014699161136768977
2021-05-28,0.0006850791305210531
2021-05-31,-0.0015851147183036061
2021-06-01,0.004315365904073916
2021-06-02,-6.470348229224276e-06
2021-06-03,-0.0034017675250873017
2021-06-04,-0.000231745061876492
2021-06-07,0.002062405446753206
2021-06-08,-0.0027469271251293007
2021-06-09,-0.003327592682407986
2021-06-10,-0.00042510540366667783
2021-06-11,0.00034252112012703314
2021-06-14,0.0010060263364936022
2021-06-15,-0.0010362892337741297
2021-06-16,0.0039584755882970495
2021-06-17,-0.015207629718639858
2021-06-18,-0.013754369551439743
2021-06-21,0.00880065436621434
2021-06-22,0.001281862371076514
2021-06-23,-0.0005336755489874659
2021-06-24,0.003193688104109079
2021-06-25,0.004218615839741057
2021-06-28,-0.004117995794797895
2021-06-29,-0.001041817933951804
2021-06-30,-0.003795879429783418
2021-07-01,0.004625770404098708
2021-07-02,-0.0002842949702955462
2021-07-05,0.00031807251531340173
2021-07-06,-0.005321310961875524
2021-07-07,-0.001137188055125686
2021-07-08,-0.010153279122550405
2021-07-09,0.014378970759897311
2021-07-12,0.0027109064367469866
2021-07-13,0.003045865773411709
2021-07-14,-0.003548457346861525
2021-07-15,-0.006112031586605083
2021-07-16,-0.004948841143676685
2021-07-19,-0.020388891924898324
2021-07-20,0.008170172922375372
2021-07-21,0.010643082890167188
2021-07-22,0.0014059357202451002
2021-07-23,0.006387147249118185
2021-07-26,-0.0006721682866089457
2021-07-27,-0.005941918970105182
2021-07-28,0.004239221421272446
2021-07-29,0.006438594360660319
2021-07-30,-0.006606889639479567
2021-08-02,-0.00444142047724916
2021-08-03,0.001932025601670128
2021-08-04,0.0005460039492593968
2021-08-05,0.00418654423265852
2021-08-06,0.0018845627895454778
2021-08-09,-0.0037509101269430595
2021-08-10,0.0031261377883883327
2021-08-11,0.00251639344968079
2021-08-12,0.005165723537367252
2021-08-13,-0.0017375081542758126
2021-08-16,-0.0013336847403071898
2021-08-17,-0.0027965328579569507
2021-08-18,-0.003966545233649439
2021-08-19,-0.005469145099923524
2021-08-20,0.0046064736976548296
2021-08-23,0.006374558580291134
2021-08-24,0.0043462766117482645
2021-08-25,0.0029716499101954453
2021-08-26,-0.0014822687539172812
2021-08-27,0.0037784828746453753
2021-08-30,-0.0005324676250748198
2021-08-31,0.0015755375979954423
2021-09-01,0.001422546838037246
2021-09-02,0.0004956486976347513
2021-09-03,0.0036516261755287953
2021-09-06,0.0022496332618502477
2021-09-07,-0.002494415952524771
2021-09-08,-0.006448442332739694
2021-09-09,-0.003712195872180913
2021-09-10,-0.00022202535591377224
2021-09-13,0.0003557185856462551
2021-09-14,-0.003828810039624385
2021-09-15,0.0009439873760304395
2021-09-16,-0.001273939139931444
2021-09-17,-0.0032228633228507677
2021-09-20,-0.013185723549617135
2021-09-21,0.005153112951909954
2021-09-22,0.0062540731379561055
2021-09-23,0.007260439616749366
2021-09-24,0.0033052068978849385
2021-09-27,0.0008723362924475666
2021-09-28,-0.010124345544640425
2021-09-29,0.0001440212922943712
2021-09-30,-0.003524458692826462
2021-10-01,-0.0008039782258732926
2021-10-04,-0.004112853573402953
2021-10-05,0.009199111236891783
2021-10-06,-0.001995844893254855
2021-10-07,0.008743235400668539
2021-10-08,0.00023445721052974293
2021-10-11,-0.0016304731729451431
2021-10-12,-0.0035041826827446917
2021-10-13,0.003954315474747977
2021-10-14,0.007784021936480669
2021-10-15,0.004088414325483202
2021-10-18,-0.0001719892565536943
2021-10-19,0.006965449644347693
2021-10-20,0.003346783637249028
2021-10-21,0.0025938917370632916
2021-10-22,0.001092285499639062
2021-10-25,0.0016011692088965207
2021-10-26,-0.0007089472423710262
2021-10-27,-0.007037970650291448
2021-10-28,0.006511297381429935
2021-10-29,2.5805579138447866e-05
2021-11-01,0.002259513673392624
2021-11-02,0.00019873954369894358
2021-11-03,0.0012986483554168452
2021-11-04,0.0027377541433243335
2021-11-05,-0.0007363882591670187
2021-11-08,0.00420820963984825
2021-11-09,-0.005156272907521947
2021-11-10,0.008238204881221428
2021-11-11,0.00036899255023191424
2021-11-12,0.0040159510725539796
2021-11-15,0.0029268349148205363
2021-11-16,-0.0001332598179375747
2021-11-17,-0.001734405764858586
2021-11-18,-0.0016377325663209019
2021-11-19,-0.0052817211785401285
2021-11-22,-0.0027270500669068307
2021-11-23,-0.0026010227166973422
2021-11-24,-0.0008781460898365406
2021-11-25,4.553173494692799e-05
2021-11-26,-0.02679751378617294
2021-11-29,0.00924277878854102
2021-11-30,-0.014844977254126717
2021-12-01,0.0029946408034050307
2021-12-02,-0.0007837472040871764
2021-12-03,-0.009264876877382842
2021-12-06,0.0122971282894027
2021-12-07,0.016171820988262878
2021-12-08,0.0007473813002491561
2021-12-09,-0.004573184647250125
2021-12-10,0.002560283187879652
2021-12-13,-0.007277369705175493
2021-12-14,-0.005377996032617766
2021-12-15,0.006007728883472244
2021-12-16,0.000885645871407032
2021-12-17,-0.004889865695125933
2021-12-20,-0.007582033810583995
2021-12-21,0.013200671735740153
2021-12-22,0.004710689263793141
2021-12-23,0.008396628617417438
2021-12-24,-2.719225740439631e-05
2021-12-27,0.003953649952795125
2021-12-28,0.0011448655490679525
2021-12-29,0.002426695737873972
2021-12-30,-9.993445070504651e-05
2021-12-31,1.988491761670784e-05
2022-01-03,0.008244820312196257
2022-01-04,0.00424444476088611
2022-01-05,-0.0017253486012121966
2022-01-06,-0.005196076593598019
2022-01-07,0.0007038090020614106
2022-01-10,-0.0018659665238815563
2022-01-11,0.004598220380383318
2022-01-12,0.002834500011733421
2022-01-13,-0.004480953875355156
2022-01-14,0.0014665026792794848
2022-01-17,0.0005854017966650176
2022-01-18,-0.0029888145936096365
2022-01-19,-0.002541980212802633
2022-01-20,-0.0013615788741630013
2022-01-21,-0.015507685030651506
2022-01-24,-0.006752571474551884
2022-01-25,0.0011155242872155195
2022-01-26,0.004498552752810158
2022-01-27,-0.00801037585772838
2022-01-28,0.0008504532394218907
2022-01-31,0.008651234173125983
2022-02-01,0.007401638548522044
2022-02-02,0.0025667805655880315
2022-02-03,-0.008113971305018397
2022-02-04,0.007169215097903459
2022-02-07,0.0016982153785102456
2022-02-08,0.005340151412389821
2022-02-09,0.0071884625986475235
2022-02-10,-0.000552638108965978
2022-02-11,-0.01116768279289307
2022-02-14,-0.001449326451455853
2022-02-15,0.008526642325624377
2022-02-16,0.0025928354071952666
2022-02-17,-0.0077574582631437655
2022-02-18,-0.006483528106604814
2022-02-21,-0.005264503659145771
2022-02-22,-0.001590724972633479
2022-02-23,-0.0040343950632779025
2022-02-24,-0.0020961752839649597
2022-02-25,0.008653784839577482
2022-02-28,-0.0095870044952551
2022-03-01,-0.015266183319278696
2022-03-02,0.013565424132310114
2022-03-03,-0.005848027334205471
2022-03-04,-0.0169745892293376
2022-03-07,-0.010509124577332437
2022-03-08,0.0085206717218639
2022-03-09,0.021160481110125667
2022-03-10,0.00013209156831321374
2022-03-11,-0.004965389234574998
2022-03-14,0.0034205537659157256
2022-03-15,0.00412898674901017
2022-03-16,0.01421922609429908
2022-03-17,0.00813893605412551
2022-03-18,0.002295970475752615
2022-03-21,0.005319159048934389
2022-03-22,0.006826451918995351
2022-03-23,-0.006964109587309234
2022-03-24,0.006969054274749053
2022-03-25,0.007253914091868453
2022-03-28,0.0005687447885387963
2022-03-29,0.0036829942584098553
2022-03-30,-0.0018166280825079467
2022-03-31,-0.006055744365938238
2022-04-01,-0.0007485385304660261
2022-04-04,0.006124429501618283
2022-04-05,-0.0016331661960257027
2022-04-06,-0.0074278845385257666
2022-04-07,0.003167173698651264
2022-04-08,0.004612069421869558
2022-04-11,-0.0029933946291026484
2022-04-12,-0.000739257852423429
2022-04-13,0.0016917672112244176
2022-04-14,0.0028030769782896522
2022-04-15,-0.001392078782048145
2022-04-18,0.002241642663048163
2022-04-19,0.002229602664372059
2022-04-20,0.0005826366945281313
2022-04-21,7.652392236990029e-05
2022-04-22,-0.01505562858088428
2022-04-25,-0.009826233321961187
2022-04-26,-0.01336714343574307
2022-04-27,2.7919102767986993e-05
2022-04-28,0.00980101770721168
2022-04-29,-0.00768635473871322
2022-05-02,-0.0027692047720471505
2022-05-03,0.002012541088166683
2022-05-04,0.005607502199160825
2022-05-05,-0.004911783909544792
2022-05-06,-0.004345552536401282
2022-05-09,-0.01962859896316218
2022-05-10,-0.001742061627875172
2022-05-11,-0.001492810105913288
2022-05-12,-0.009434506328080478
2022-05-13,0.011748975702875943
2022-05-16,-0.0030818918734176314
2022-05-17,0.013383281245023488
2022-05-18,-0.01608187575558701
2022-05-19,-0.00463282425060402
2022-05-20,0.0010175605815828585
2022-05-23,0.011332474615941935
2022-05-24,-0.005302003999184362
2022-05-25,0.0030160878547612754
2022-05-26,0.005358824114931487
2022-05-27,0.015187764461659337
2022-05-30,0.0016849422841388262
2022-05-31,-0.0011681245451080485
2022-06-01,-0.0014805271529262955
2022-06-02,0.007753845893941324
2022-06-03,-0.004513851287810459
2022-06-06,0.0025030412293203515
2022-06-07,0.00211707386013982
2022-06-08,-0.001683434818694547
2022-06-09,-0.010144404379612343
2022-06-10,-0.011495885011895626
2022-06-13,-0.01801907730623678
2022-06-14,-0.0027498741635613427
2022-06-15,0.006176886105004777
2022-06-16,-0.014922336291156873
2022-06-17,-0.00017455382162858248
2022-06-20,0.0007623616887741716
2022-06-21,0.011170686247260935
2022-06-22,-0.006559465438609355
2022-06-23,-0.0019679425861426447
2022-06-24,0.0156858015093827
2022-06-27,0.0018725087028909006
2022-06-28,-0.005236772907292612
2022-06-29,-0.00728766058636254
2022-06-30,-0.012572128714661752
2022-07-01,-4.548403200563267e-05
2022-07-04,-0.0005982372332286999
2022-07-05,-0.011952794052826787
2022-07-06,0.0018927571713779072
2022-07-07,0.010475236286742844
2022-07-08,0.00381268496670028
2022-07-11,-0.010383146482467603
2022-07-12,-0.006135387668841888
2022-07-13,-0.004114991822846136
2022-07-14,-0.0058031068046602765
2022-07-15,0.008990020322198061
2022-07-18,0.002684528639646292
2022-07-19,0.015467414126730467
2022-07-20,0.002661749988042353
2022-07-21,-7.104911303513258e-05
2022-07-22,-0.004850980096189911
2022-07-25,0.0007924907840761479
2022-07-26,-0.00593202131660403
2022-07-27,0.0059196948622666674
2022-07-28,0.009273297416272294
2022-07-29,0.006906977419008231
2022-08-01,-0.001217119447835268
2022-08-02,0.0030504065770670307
2022-08-03,0.003939028980478136
2022-08-04,0.0017689165885164792
2022-08-05,0.003912891700588435
2022-08-08,-0.001291213414412896
2022-08-09,-0.001037072923710053
2022-08-10,0.008131333691644992
2022-08-11,0.004942895436973051
2022-08-12,0.00614311220849105
2022-08-15,-0.003285576795633316
2022-08-16,-0.0002134169651015973
2022-08-17,-0.0036554178232663733
2022-08-18,0.0009800870142638758
2022-08-19,-0.005348650485213051
2022-08-22,-0.011449295376372879
2022-08-23,-0.0008724014840444498
2022-08-24,0.004044205431313022
2022-08-25,0.0031477940571719033
2022-08-26,-0.016307177897500844
2022-08-29,-0.002012350968561238
2022-08-30,-0.003847409657980169
2022-08-31,-0.0051318088418949685
2022-09-01,-7.036743299772448e-05
2022-09-02,-0.0006436587498502939
2022-09-05,-0.003955716807237211
2022-09-06,0.0036090370016266565
2022-09-07,0.003943894520729778
2022-09-08,0.004499506511952036
2022-09-09,0.009964488837770962
2022-09-12,0.011189245368327124
2022-09-13,-0.0163674563086873
2022-09-14,-0.004253140665379948
2022-09-15,-0.00715698743820295
2022-09-16,-0.003990356569340197
2022-09-19,0.0032295426308246397
2022-09-20,-0.003604108191137509
2022-09-21,-0.006064437550554943
2022-09-22,-0.0028795919256052235
2022-09-23,-0.01300432233385039
2022-09-26,-0.004497282658533012
2022-09-27,-0.00023024828674247716
2022-09-28,0.003014755521173633
2022-09-29,-0.006589653127330891
2022-09-30,0.0022846043482497827
2022-10-03,0.00788533401239006
2022-10-04,0.020548474564511515
2022-10-05,0.003066691098667834
2022-10-06,-0.0035913888070626485
2022-10-07,-0.014238111448694787
2022-10-10,-0.00828179927812771
2022-10-11,-0.0007967563552790339
2022-10-12,-0.0036684904055118987
2022-10-13,0.010933359751312427
2022-10-14,-0.007107758119282196
2022-10-17,0.013087121414397574
2022-10-18,0.005487683852716025
2022-10-19,-0.0006753075611371936
2022-10-20,-0.0003625405136118043
2022-10-21,0.008511505751224965
2022-10-24,0.008337219202102477
2022-10-25,0.0061012462784406415
2022-10-26,-0.00051001478016615
2022-10-27,-0.0016765560182491026
2022-10-28,0.004574579570073779
2022-10-31,-0.0010464826766774743
2022-11-01,-0.00028095886933553475
2022-11-02,-0.009103728657836688
2022-11-03,-0.006740909089502378
2022-11-04,0.014213245591776957
2022-11-07,0.009483285930006248
2022-11-08,0.007204934174038469
2022-11-09,-0.0052932381789690675
2022-11-10,0.01779806800832938
2022-11-11,0.00868187279267354
2022-11-14,0.0031583914813700913
2022-11-15,0.0021370432900044214
2022-11-16,-0.006344017738926815
2022-11-17,0.0004053020048622774
2022-11-18,0.003281533242025612
2022-11-21,-0.004036872719039853
2022-11-22,0.0017787461714959569
2022-11-23,0.003246189765137051
2022-11-24,0.002815678413435637
2022-11-25,0.0003350087306391974
2022-11-28,-0.007999827334382165
2022-11-29,0.0012026791657418089
2022-11-30,0.008787108606947779
2022-12-01,0.004080280449210688
2022-12-02,4.5224467199799856e-05
2022-12-05,-0.006776291864888076
2022-12-06,-0.008331755374942549
2022-12-07,-0.0032341341241436438
2022-12-08,0.005874857475192147
2022-12-09,0.0029557461518489115
2022-12-12,0.0017438426543904828
2022-12-13,0.006461188893432444
2022-12-14,-0.0014478415282751672
2022-12-15,-0.018691477379730467
2022-12-16,-0.0033316980795201154
2022-12-19,-0.0008352999692221603
2022-12-20,0.006374869954829629
2022-12-21,0.008291982982930414
2022-12-22,-0.010842017765408737
2022-12-23,0.004503176541335273
2022-12-26,0.0012124325828830962
2022-12-27,0.004053459457955321
2022-12-28,-0.00501021625561576
2022-12-29,0.007131019603461394
2022-12-30,-0.0019626741816097383
2023-01-02,0.0009167932985407103
2023-01-03,0.002763631255134953
2023-01-04,0.0036346806045295162
2023-01-05,-0.004775783513843031
2023-01-06,0.007143414272414014
2023-01-09,0.004257037399296768
2023-01-10,0.00577087994297806
2023-01-11,0.00446453676272099
2023-01-12,0.002053758093161683
2023-01-13,0.008288706299481375
2023-01-16,-0.0003585199188377837
2023-01-17,-0.00016576947554650925
2023-01-18,-0.010311793076128586
2023-01-19,-0.003589158481701294
2023-01-20,0.010512105622730089
2023-01-23,0.006856436534476978
2023-01-24,-0.0008349106651193016
2023-01-25,0.000515028783264131
2023-01-26,0.004790252828107874
2023-01-27,0.0010956785428172192
2023-01-30,-0.004926489305622783
2023-01-31,0.004274081275989189
2023-02-01,-0.00029671789064844144
2023-02-02,0.009242736553183658
2023-02-03,-0.006020869300371762
2023-02-06,-0.003236232270662843
2023-02-07,0.004586893973992832
2023-02-08,-0.003334757386442795
2023-02-09,-0.0013607871219684187
2023-02-10,-4.2215751417102546e-05
2023-02-13,0.0023696467619560547
2023-02-14,0.0021814432266000043
2023-02-15,0.001988659977633713
2023-02-16,-0.002446575255936261
2023-02-17,-0.002924740196919365
2023-02-20,0.00017509276739668267
2023-02-21,-0.004625010116403197
2023-02-22,-0.002322045089950208
2023-02-23,-0.0012180504945115316
2023-02-24,-0.0063121776383344205
2023-02-27,0.003604781082547362
2023-02-28,0.0008531471352414803
2023-03-01,-0.00019928526939316316
2023-03-02,0.006667285347560791
2023-03-03,0.004874848598244819
2023-03-06,0.0020866255525178188
2023-03-07,-0.009003852939235652
2023-03-08,-0.0018310801004719312
2023-03-09,-0.005189262624882515
2023-03-10,-0.008862711630716592
2023-03-13,-0.004707705889834039
2023-03-14,0.012547145352169957
2023-03-15,-0.011058799360880646
2023-03-16,0.008378873386407937
2023-03-17,-0.005504993827579886
2023-03-20,0.009993415614277187
2023-03-21,0.006939838295910578
2023-03-22,-0.005359104143717054
2023-03-23,0.005264227876573472
2023-03-24,-0.004578478817111167
2023-03-27,0.0023466813375200664
2023-03-28,0.003288673109293287
2023-03-29,0.0072600342723437485
2023-03-30,0.005346639703248196
2023-03-31,0.004037543578828472
2023-04-03,-0.001285663549822374
2023-04-04,0.001535810769367337
2023-04-05,-0.002299631276445931
2023-04-06,-0.00031358361741943956
2023-04-07,0.00030770993222003704
2023-04-10,0.0016890060647989464
2023-04-11,0.0024056769584500865
2023-04-12,-9.602665828814912e-05
2023-04-13,0.01070259823157504
2023-04-14,-0.00023253036902678992
2023-04-17,-0.00016147180282568402
2023-04-18,0.001130479694854432
2023-04-19,0.0004877996238362831
2023-04-20,-0.0029671476120024364
2023-04-21,-0.0004241164000115512
2023-04-24,-0.00024918554832932473
2023-04-25,-0.007604891040417802
2023-04-26,-0.0037881343063677396
2023-04-27,0.010720668758548359
2023-04-28,8.99974677093544e-05
2023-05-01,0.0022992852638879444
2023-05-02,-0.007992542505903633
2023-05-03,-0.0002734497456402395
2023-05-04,-0.0018358890337505365
2023-05-05,0.00691956773056066
2023-05-08,0.003470326764851124
2023-05-09,-0.0019907076281064032
2023-05-10,-0.00290499038017958
2023-05-11,-0.002808382815384508
2023-05-12,0.0004921845914217333
2023-05-15,0.0013637443902874747
2023-05-16,-0.003367782748447269
2023-05-17,0.003877481761192753
2023-05-18,0.0017117558830312843
2023-05-19,0.005163014658482767
2023-05-22,0.0008169930288741275
2023-05-23,-0.006393601667127794
2023-05-24,-0.007034465362217024
2023-05-25,0.00316692715756973
2023-05-26,0.006428870827509056
2023-05-29,-2.5745548201173548e-05
2023-05-30,-0.003915586533201513
2023-05-31,-0.005936838095396564
2023-06-01,0.0047324174249086665
2023-06-02,0.0082933370845223
2023-06-05,-0.002539101331193431
2023-06-06,0.0019707205510703946
2023-06-07,-0.0016185527807124562
2023-06-08,0.002568024007900912
2023-06-09,0.0020664169109847162
2023-06-12,0.0032624465746587945
2023-06-13,0.004579205234038127
2023-06-14,0.00200965348667503
2023-06-15,0.002575285942416736
2023-06-16,0.0032967869287215176
2023-06-19,-0.0015517959193248995
2023-06-20,-0.006053135752615332
2023-06-21,-0.00297946046179775
2023-06-22,0.001461096473969609
2023-06-23,-0.005377668724757801
2023-06-26,-0.0019430563883235004
2023-06-27,0.004935247221497301
2023-06-28,0.0008459690150728061
2023-06-29,0.004522772621596136
2023-06-30,0.00513970827167539
2023-07-03,0.002111869207043864
2023-07-04,-0.0002232873334955161
2023-07-05,-0.0009395005123695745
2023-07-06,-0.0075969952237175745
2023-07-07,0.0024522001002994054
2023-07-10,0.0018884669389892643
2023-07-11,0.004084507753597571
2023-07-12,0.00530780476545574
2023-07-13,0.003998600135500194
2023-07-14,0.003106046470650312
2023-07-17,-0.0021129973392052174
2023-07-18,0.0052095122432592456
2023-07-19,-0.0010075832927836216
2023-07-20,8.504348326765542e-05
2023-07-21,-0.0011647490776407515
2023-07-24,0.0007264714508459754
2023-07-25,0.0016991757371635483
2023-07-26,-0.0032232286546129774
2023-07-27,0.004872787293766941
2023-07-28,0.002456263956065432
2023-07-31,0.0022583508948936237
2023-08-01,-0.002035569881279804
2023-08-02,-0.009792663482712073
2023-08-03,-0.0012745897970907819
2023-08-04,-0.002491547368647947
2023-08-07,0.003650081073983801
2023-08-08,-0.0057733015731889
2023-08-09,-0.0028561009254519216
2023-08-10,0.005060377288260337
2023-08-11,-0.0011529355140060655
2023-08-14,0.0015945006301763683
2023-08-15,-0.006019768225091195
2023-08-16,-0.00238174726725824
2023-08-17,-0.005615401803646634
2023-08-18,-0.0018738639535805838
2023-08-21,0.005519287552852891
2023-08-22,0.0012614136017654084
2023-08-23,0.0019080637724356547
2023-08-24,-0.004488200144665029
2023-08-25,0.00032118179354195483
2023-08-28,0.00460611562869344
2023-08-29,0.006133816527773409
2023-08-30,0.0021429459776366126
2023-08-31,-0.0014001440628471978
2023-09-01,0.00034084819163431816
2023-09-04,-0.0013919681402589344
2023-09-05,-0.0005730435498347542
2023-09-06,-0.005150048269987821
2023-09-07,-0.002580917723608725
2023-09-08,0.0007465800134322299
2023-09-11,0.0044090195211400835
2023-09-12,-0.0034933326657240844
2023-09-13,-0.0010445331410622247
2023-09-14,0.0058188001333150975
2023-09-15,-0.0025538610304038107
2023-09-18,-0.0007628824422336512
2023-09-19,0.0007724921358074003
2023-09-20,-0.00043215870228883037
2023-09-21,-0.008256941383816309
2023-09-22,-0.0010844268663423157
2023-09-25,0.00045905087389151917
2023-09-26,-0.008711025096572633
2023-09-27,-0.0018024388403670086
2023-09-28,0.00015655536364975794
2023-09-29,-0.0009505484349422852
2023-10-02,-0.0012968126352898256
2023-10-03,-0.005881761515833752
2023-10-04,0.00039485277190379176
2023-10-05,-0.00032041184715776374
2023-10-06,0.009342365002346678
2023-10-09,0.0031060036259910138
2023-10-10,0.004465059470374354
2023-10-11,0.001530509225941641
2023-10-12,0.0005053014366007236
2023-10-13,-0.0018007605803357584
2023-10-16,0.004658735555954889
2023-10-17,0.0037020313311881686
2023-10-18,-0.001410823956306489
2023-10-19,-0.0009341965503728625
2023-10-20,-0.005991086431323648
2023-10-23,-0.0019824108585281314
2023-10-24,0.004750058097486356
2023-10-25,-0.0021149358200545864
2023-10-26,-0.007173900761557066
2023-10-27,-0.0030936693663359753
2023-10-30,0.0056179940337392755
2023-10-31,0.0034461779785266975
2023-11-01,0.0015323165654541882
2023-11-02,0.007675992777397667
2023-11-03,0.0018387115686831
2023-11-06,0.003133374130597894
2023-11-07,-0.0030707708149759257
2023-11-08,-0.001585731809267042
2023-11-09,0.003880653277006071
2023-11-10,-0.0009513643839328933
2023-11-13,0.0032417477506923175
2023-11-14,0.006138194397743093
2023-11-15,0.006777770247695077
2023-11-16,-0.0002776748938307311
2023-11-17,0.0018205453291533923
2023-11-20,0.002440937551564542
2023-11-21,0.0017028873402213677
2023-11-22,0.0007982818400788249
2023-11-23,-7.468460451938132e-05
2023-11-24,0.0032979920015971994
2023-11-27,-0.001689650541919246
2023-11-28,0.0018683197886786007
2023-11-29,0.0008279910573933957
2023-11-30,0.002089389081456034
2023-12-01,0.002166300603496227
2023-12-04,-0.004984847906259488
2023-12-05,-0.0027129982830594113
2023-12-06,-0.0006453783038348036
2023-12-07,0.0015918521377790186
2023-12-08,0.003533496588018373
2023-12-11,-0.0007529185980925634
2023-12-12,0.00043218434843541557
2023-12-13,0.0006338735111499037
2023-12-14,0.0049901950690718995
2023-12-15,0.0014449598329415996
2023-12-18,-0.000516407262533074
2023-12-19,0.003286831608464739
2023-12-20,-0.004999809987954781
2023-12-21,0.00292355874712255
2023-12-22,0.0033870754957259284
2023-12-25,0.0003701464593304821
2023-12-26,0.0008738194751350971
2023-12-27,0.0009088150240615656
2023-12-28,0.0015039594147278966
2023-12-29,-0.0019543174630558243
2024-01-01,-0.00022346062796973392
2024-01-02,0.0002297337416386541
2024-01-03,-0.01139888686019071
2024-01-04,0.002796117378920356
2024-01-05,0.00171559730479868
2024-01-08,0.0025449209356195055
2024-01-09,-0.0006846741472078658
2024-01-10,0.0012325920429188855
2024-01-11,-0.0026772216797606857
2024-01-12,0.0045458954727322755
2024-01-15,-0.0017900767192412944
2024-01-16,-0.0006273061913402642
2024-01-17,-0.006223809874467099
2024-01-18,0.007528175994116312
2024-01-19,0.004189447652236702
2024-01-22,0.00038541457600044476
2024-01-23,0.001560210702980663
2024-01-24,0.00407723617677946
2024-01-25,0.00199746508772238
2024-01-26,0.002140091688247343
2024-01-29,0.0015198941289616397
2024-01-30,0.0004924036146168756
2024-01-31,-0.005956381894689931
2024-02-01,0.00036531874850558423
2024-02-02,0.007833340983971444
2024-02-05,-0.0005016211608533192
2024-02-06,0.0005795932469223079
2024-02-07,0.002791700853583018
2024-02-08,0.0030301374124109995
2024-02-09,0.0014908080018418758
2024-02-12,0.0005283673205799601
2024-02-13,-0.006160643556590614
2024-02-14,0.0011267120409723275
2024-02-15,0.004158550934618748
2024-02-16,0.002503131097417866
2024-02-19,9.652706408743877e-05
2024-02-20,-0.000983221950610624
2024-02-21,0.00235819864103978
2024-02-22,0.009518784292244302
2024-02-23,0.0012117666442445006
2024-02-26,-0.0016642543509504163
2024-02-27,0.002874465855411463
2024-02-28,-0.0017444090685038763
2024-02-29,0.0019376044184179048
2024-03-01,0.004746881163887681
2024-03-04,0.004934290858018877
2024-03-05,-0.004129401721655325
2024-03-06,0.0032357353363325378
2024-03-07,0.006673512096735909
2024-03-08,0.00026042145625421675
2024-03-11,-0.0009854181804173749
2024-03-12,0.004458791262896906
2024-03-13,0.0023220042073216545
2024-03-14,0.0006972800735279502
2024-03-15,-0.003940902855381715
2024-03-18,0.0028912991020536767
2024-03-19,0.0011351016460405359
2024-03-20,0.0017478695002760805
2024-03-21,0.006605648980683246
2024-03-22,-0.006121811464457715
2024-03-25,0.0009558839884393422
2024-03-26,0.00014286587863444108
2024-03-27,0.003634679778891272
2024-03-28,0.002720181604050769
2024-03-29,-0.00035006110399160985
2024-04-01,0.003960777907225627
2024-04-02,-0.0018400178775124032
2024-04-03,0.004691448099526732
2024-04-04,-0.003922272663464633
2024-04-05,0.0058534312709236525
2024-04-08,0.0025712091476958483
2024-04-09,-0.0014628735714497687
2024-04-10,0.0006243051791495454
2024-04-11,0.001179477738806635
2024-04-12,-0.006722876818936982
2024-04-15,-0.00024711612092841607
2024-04-16,-0.0010230416276056026
2024-04-17,-0.005141603542763006
2024-04-18,0.003383686083951556
2024-04-19,-0.0032063423284101173
2024-04-22,-0.0017911367039839664
2024-04-23,0.005429319788609038
2024-04-24,0.0011664880579531087
2024-04-25,-0.0018993500598558223
2024-04-26,0.005970112246021502
2024-04-29,-0.0007831469576359215
2024-04-30,-0.01012032389219759
2024-05-01,-0.0031723675556111887
2024-05-02,0.0019224208984543615
2024-05-03,0.003633731216245717
2024-05-06,0.006696692649947509
2024-05-07,0.001816144952484033
2024-05-08,0.0010694071637762728
2024-05-09,0.0020877833322692743
2024-05-10,0.007283363259007336
2024-05-13,-0.0037524100466188267
2024-05-14,0.0025983505372283357
2024-05-15,0.0056480843630258865
2024-05-16,-0.0006056899813218022
2024-05-17,0.0032819844229118205
2024-05-20,0.0025911205286554316
2024-05-21,-0.0017230889280856374
2024-05-22,-0.004033890490239651
2024-05-23,-0.005950117740397469
2024-05-24,0.0013813556820378354
2024-05-27,0.001588145016737687
2024-05-28,0.0027955921237198425
2024-05-29,-0.004570662124231144
2024-05-30,-0.0032624795825428833
2024-05-31,0.00048268040111764006
2024-06-03,0.0009735457584951722
2024-06-04,-0.0038833564858459253
2024-06-05,0.0077150513240584005
2024-06-06,0.0023134101724426427
2024-06-07,-0.0028203264857213986
2024-06-10,-0.0016498645348502847
2024-06-11,-0.0030013330606016102
2024-06-12,0.00481786221338493
2024-06-13,-0.006340098825276165
2024-06-14,-0.003337970137492432
2024-06-17,0.0032232517148416302
2024-06-18,0.0029962829464778356
2024-06-19,-0.001195120028253034
2024-06-20,0.00481851915150835
2024-06-21,-0.006084035653530188
2024-06-24,0.0014618257787023803
2024-06-25,2.0970619222432997e-05
2024-06-26,-0.00045701734889485104
2024-06-27,0.0007146483655406999
2024-06-28,0.0005021328411415806
2024-07-01,0.005840692734969687
2024-07-02,-0.00043527576623731063
2024-07-03,0.005442314479661021
2024-07-04,0.0017049260110788098
2024-07-05,0.002120894235155637
2024-07-08,-0.002674271722382864
2024-07-09,-0.0012299638286731702
2024-07-10,0.005545149884722393
2024-07-11,-8.05018198004109e-05
2024-07-12,0.004869983209566
2024-07-15,0.0003778243834607249
2024-07-16,0.0025411688755475935
2024-07-17,-0.0076053195734109205
2024-07-18,-0.0017511004708280905
2024-07-19,-0.008085736166400407
2024-07-22,0.006265945638881084
2024-07-23,0.000705684598315665
2024-07-24,-0.008167967616755461
2024-07-25,-0.009701570883651863
2024-07-26,0.0066945298809568225
2024-07-29,-0.002409846632722458
2024-07-30,0.0004118813499500568
2024-07-31,0.006909425188421138
2024-08-01,-0.006582416841892289
2024-08-02,-0.02159423308958008
2024-08-05,-0.011943951844517934
2024-08-06,0.0056160015809504065
2024-08-07,0.003389384314852698
2024-08-08,0.010261355195797024
2024-08-09,0.0008812251393127248
2024-08-12,0.001468067975537413
2024-08-13,0.005286896362579648
2024-08-14,0.0005798544705050233
2024-08-15,0.012316592176616448
2024-08-16,0.004023376512233156
2024-08-19,0.004736728418226046
2024-08-20,-0.0005695821250158135
2024-08-21,0.0018685639070486488
2024-08-22,-0.0023778840387281047
2024-08-23,0.004659401584988822
2024-08-26,0.0008398895892718759
2024-08-27,0.00040476353944367955
2024-08-28,-0.001967820901472141
2024-08-29,0.003833867328382331
2024-08-30,0.0004662756744013011
2024-09-02,-3.605033327644879e-05
2024-09-03,-0.01049535732644974
2024-09-04,-0.005170027325548264
2024-09-05,-0.0012512713896247938
2024-09-06,-0.009893608485602607
2024-09-09,0.0050435076371756985
2024-09-10,-0.0014319695282917397
2024-09-11,0.003747359623421026
2024-09-12,0.007991781228582212
2024-09-13,0.005596691990185033
2024-09-16,-0.0009766949322484297
2024-09-17,0.001514360135630038
2024-09-18,-0.0003647727123750719
2024-09-19,0.01214549678974463
2024-09-20,-0.0005354245205220168
2024-09-23,0.002194505563762226
2024-09-24,0.0039072211084714495
2024-09-25,0.0016991754557729047
2024-09-26,0.005849962851300629
2024-09-27,-0.0012089559767316182
2024-09-30,-0.0007428609005834114
2024-10-01,-0.004477153471600459
2024-10-02,-0.0013042280812061995
2024-10-03,-2.4616943400681017e-05
2024-10-04,0.0062998416862745385
2024-10-07,-0.0023552558231951827
2024-10-08,-1.2991806468412706e-05
2024-10-09,0.0036285048633444106
2024-10-10,0.00012290132645708133
2024-10-11,0.005224834325244377
2024-10-14,0.003498264324877526
2024-10-15,-0.006814788544813733
2024-10-16,-0.00020415457870308655
2024-10-17,0.004356786364286899
2024-10-18,0.003267871884348643
2024-10-21,0.001690452369415747
2024-10-22,0.0009117460215840567
2024-10-23,-0.005114272740662049
2024-10-24,0.0013655108945197498
2024-10-25,0.0022248281071131897
2024-10-28,0.002590108007071424
2024-10-29,0.0018161693201032357
2024-10-30,-0.0022745680071289973
2024-10-31,-0.010531613505740601
2024-11-01,0.005590046390794194
2024-11-04,-0.003494744859618802
2024-11-05,0.004240165906935588
2024-11-06,0.0034859621242515236
2024-11-07,0.0009871191625068102
2024-11-08,-0.0013786168254863553
2024-11-11,-0.004792370296196744
2024-11-12,-0.004392615544321207
2024-11-13,-0.0020643339684606205
2024-11-14,-0.0006431791593540718
2024-11-15,-0.006208529307257871
2024-11-18,0.004207031813369833
2024-11-19,0.0011694235945478087
2024-11-20,0.0015528296257044643
2024-11-21,0.003923295279449185
2024-11-22,0.0032811133750528364
2024-11-25,-0.008779166779931567
2024-11-26,0.0005781478870475904
2024-11-27,-0.0013755306986004256
2024-11-28,0.0024283532161583077
2024-11-29,0.003372940586004824
2024-12-02,0.0009076227357886359
2024-12-03,0.0019929831968916265
2024-12-04,0.003310193492203183
2024-12-05,-0.0012393691687266992
2024-12-06,0.0033732059433952966
2024-12-09,0.0012119682091208386
2024-12-10,0.0005196801261327631
2024-12-11,0.006168739829179023
2024-12-12,-0.004059048363081876
2024-12-13,-0.0011740925619600738
2024-12-16,0.000587643589299002
2024-12-17,-0.0020046346767089857
2024-12-18,-0.006954494970898903
2024-12-19,-0.007933670928868474
2024-12-20,0.0046252028594769
2024-12-23,0.003496132159718411
2024-12-24,0.003186156367113993
2024-12-25,-6.242210178040181e-05
2024-12-26,0.0009883233164439424
2024-12-27,-0.0017705838624778778
2024-12-30,-0.006786223378638036
2024-12-31,0.0006450255086830154
2025-01-02,0.0005762055811289461
2025-01-03,0.0016312290443619695
2025-01-06,0.007030945995779173
2025-01-07,0.0020040228318813596
2025-01-08,-0.00013709728696151657
2025-01-09,0.0017059536396352307
2025-01-10,-0.003032764214966883
2025-01-13,-0.003528998674743716
2025-01-14,0.0017933216639333949
2025-01-15,0.008060980265231506
2025-01-16,0.00355362019962708
2025-01-17,0.004637953927379942
2025-01-20,0.00014859560712142525
2025-01-21,0.005463146644645056
2025-01-22,0.004547861355638499
2025-01-23,0.002637827067612627
2025-01-24,9.25002084117549e-05
2025-01-27,-0.009635025546853197
2025-01-28,0.00523749261964586
2025-01-29,-0.00011893637058827442
2025-01-30,0.006373947718792232
2025-01-31,-0.0013686460577241664
2025-02-03,-0.00686823151710054
2025-02-04,0.0061901001826157945
2025-02-05,0.001537546114168265
2025-02-06,0.004166597806593126
2025-02-07,-0.0024706575789310422
2025-02-10,0.005191969931101101
2025-02-11,0.001970510764162279
2025-02-12,0.0028950649449130464
2025-02-13,0.005825111362463345
2025-02-14,-0.003033906843053869
2025-02-17,0.001485809057399814
2025-02-18,0.006065127691482359
2025-02-19,-0.0036714296744811423
2025-02-20,-0.0012004855728926143
2025-02-21,-0.005094023565528304
2025-02-24,-0.0026699313467375917
2025-02-25,-0.007032363239562665
2025-02-26,0.0038543699018630897
2025-02-27,-0.008959077543312906
2025-02-28,-0.0019179327017742386
2025-03-03,0.00035550252356307847
2025-03-04,-0.0058919381172181
2025-03-05,0.011452574273485864
2025-03-06,-0.000538531073253586
2025-03-07,-0.00046989392138724285
2025-03-10,-0.013245565773248917
2025-03-11,-0.002278090623731352
2025-03-12,0.007181895789422395
2025-03-13,-0.0038419872598081848
2025-03-14,0.010049240647554731
2025-03-17,0.004236159986195745
2025-03-18,0.0006703983757200552
2025-03-19,0.0038740749821429207
2025-03-20,-0.0034927224963882644
2025-03-21,-0.0027554585393899456
2025-03-24,0.006067487934141024
2025-03-25,0.0022011531026253296
2025-03-26,-0.005461056689269316
2025-03-27,0.00032500115458180753
2025-03-28,-0.00767348589729383
2025-03-31,0.001069042752350161
2025-04-01,0.00136845838647975
2025-04-02,0.0032724638749848183
2025-04-03,-0.02629634179968659
2025-04-04,-0.032737605377974655
2025-04-07,-0.010980231745383262
2025-04-08,0.0026601901765323606
2025-04-09,0.0310428253428372
2025-04-10,0.003474425263481837
2025-04-11,0.015997458581673164
2025-04-14,0.005008665230556868
2025-04-15,0.0017314558395452192
2025-04-16,-0.0022161585022665844
2025-04-17,0.0011495756140712688
2025-04-21,0.0003015052693443286
2025-04-22,0.009841354922409397
2025-04-23,8.557180689271413e-05
2025-04-24,0.007715905199691704
2025-04-25,0.0006041819188240423
2025-04-28,0.0021704420499663733
2025-04-29,0.0007144206485174126
2025-04-30,-0.0007077771546489224
2025-05-01,-0.0037982513907170888
2025-05-02,0.01215726768822577
2025-05-05,0.0038099855331094152
2025-05-06,0.0019099972460361037
2025-05-07,-0.001980806660023787
2025-05-08,0.0005103491805490599
2025-05-09,0.0015019575211108723
2025-05-12,0.007611260522027359
2025-05-13,0.0028419705390228932
2025-05-14,-0.0015759937088574783
2025-05-15,0.0023219920882600184
2025-05-16,0.00012429377489179367
2025-05-19,0.003848893507893236
2025-05-20,0.0039526016936913015
2025-05-21,0.0003758157742189054
2025-05-22,-0.0024413378165836553
2025-05-23,-0.003230797951221149
2025-05-26,0.004181203650116279
2025-05-27,0.0015458948349958606
2025-05-28,-0.00332248366871075
2025-05-29,-0.00040074801941523204
2025-05-30,0.00020742577121829134
2025-06-02,0.006319436233598782
2025-06-03,0.002982899549836504
2025-06-04,-0.000860274910787972
2025-06-05,-0.0014227171002238093
2025-06-06,0.0052756907180647895
2025-06-09,-0.0005866379776998291
2025-06-10,0.0005968376733702919
2025-06-11,-0.002853714197691923
2025-06-12,0.0034975635147988576
2025-06-13,3.259657867039304e-06
2025-06-16,0.0024917589003815243
2025-06-17,-0.006435888443744105
2025-06-18,-0.0018310131667776024
2025-06-19,-0.0027608748685390423
2025-06-20,-0.0004248214936396225
2025-06-23,0.0015183548451690992
2025-06-24,0.0036470414283326755
2025-06-25,-0.0008981739734457459
2025-06-26,0.0027682340657668426
2025-06-27,0.0018776046744851795
2025-06-30,0.0013197057503426157
2025-07-01,0.0029406020930122286
2025-07-02,0.004760224414577884
2025-07-03,0.003609055368265934
2025-07-04,-0.0024783272884444604
2025-07-07,0.0008310784093248579
2025-07-08,-0.0008962173884734057
2025-07-09,0.002944976055995982
2025-07-10,0.0011061654272606883
2025-07-11,0.0005687274790216563
2025-07-14,-0.000578897963713196
2025-07-15,-0.001990546534114735
2025-07-16,-0.001563932565490468
2025-07-17,0.0044973905721582335
2025-07-18,-0.0009696187925531841
2025-07-21,0.0016074414650362398
2025-07-22,0.0006643735653558526
2025-07-23,0.0036705933382464133
2025-07-24,0.000304924167181071
2025-07-25,-0.0019395486217971159
2025-07-28,-0.0012078767641473319
2025-07-29,-0.0032721250295757527
2025-07-30,-0.001258732863624654
2025-07-31,-0.00648647366864296
2025-08-01,-0.004915631446226655
2025-08-04,0.0053962805839707535
2025-08-05,-0.0008790302924391973
2025-08-06,0.003070178405657993
2025-08-07,0.0055676625496200085
2025-08-08,0.006379482257815085
2025-08-11,-0.007184822278986216
2025-08-12,0.0032480234603248165
2025-08-13,0.003218786481773488
2025-08-14,0.002305640196054477
2025-08-15,-0.0005529415781451972
2025-08-18,0.00044428951202087633
2025-08-19,-0.0026391350650474934
2025-08-20,8.965903162502965e-05
2025-08-21,-0.001017811849538039
2025-08-22,0.005413839829491229
2025-08-25,-0.000930642686643991
2025-08-26,-0.0020752621969342324
2025-08-27,0.0018967749965005803
2025-08-28,0.002085243446353841
2025-08-29,-0.00012270981930401946
2025-09-01,0.0007481335728782876
2025-09-02,0.0009618152176418789
2025-09-03,0.002335426555390276
2025-09-04,0.001360691354477416
2025-09-05,-0.0016205416835407772
2025-09-08,0.003656293728842047
2025-09-09,0.002958036873423174
2025-09-10,-0.001531410149291263
2025-09-11,0.0025979747652235636
2025-09-12,0.0024608326718873114
2025-09-15,0.00422544991804168
2025-09-16,-0.0021062378038448166
2025-09-17,0.002282838283736349
2025-09-18,0.002490099962473055
2025-09-19,0.003298022313141535
2025-09-22,0.0036305302218974894
2025-09-23,0.0021118369868745185
2025-09-24,-0.00284399189386068
2025-09-25,-0.002554627700196454
2025-09-26,0.004772387725343025
2025-09-29,0.0031242193959368134
2025-09-30,0.0036662721975727246
2025-10-01,0.00330617914719671
2025-10-02,0.0005743869799184056
2025-10-03,0.0029609584879210205
2025-10-06,0.004558564667508437
2025-10-07,-0.0011465596418066225
2025-10-08,0.00544757723149172
2025-10-09,-0.00647159590411404
2025-10-10,-0.01362606685512931
2025-10-13,0.013159373057139283
2025-10-14,-0.0009227867319798397
2025-10-15,0.006148928330276711
2025-10-16,0.0036738291793361327
2025-10-17,-0.00258320419299709
2025-10-20,0.011416968414075962
2025-10-21,-0.012397394462413128
2025-10-22,-0.006427636096964756
2025-10-23,0.007840025718653493
2025-10-24,0.0025496290836713206
2025-10-27,-0.0005553036894441557
2025-10-28,-0.001347961134757206
2025-10-29,0.002889019663291668
2025-10-30,-0.0024157430986519617
2025-10-31,-0.0018180347891043414
2025-11-03,0.0013823554223200956
2025-11-04,-0.007430417642462542
2025-11-05,0.004119163639071588
2025-11-06,-0.0068035495651650344
2025-11-07,0.0006683091256844288
2025-11-10,0.013938441815027425
2025-11-11,0.003003291815568752
2025-11-12,0.006205980571729272
2025-11-13,-0.006156631951840648
2025-11-14,-0.00510879760033758
2025-11-17,-0.006220508696254965
2025-11-18,-0.007303173731952356
2025-11-19,0.002275131650246588
2025-11-20,-0.006102178766215988
2025-11-21,0.0007885255375948725
2025-11-24,0.004755861111423174
2025-11-25,0.005955730365065259
2025-11-26,0.006902065300502128
2025-11-27,0.000558802159192246
2025-11-28,0.005100363161949915
2025-12-01,0.0013429617937749936
2025-12-02,-0.001244768177996023
2025-12-03,0.0014295191556820512
2025-12-04,0.003660530048988058
2025-12-05,0.001176401199472787
2025-12-08,-0.0014609019208559147
2025-12-09,0.0007680542922315586
2025-12-10,0.0004180591750818848
2025-12-11,0.007121460501545033
2025-12-12,-0.00177170982589054
2025-12-15,0.0006193575573212434
2025-12-16,-0.0025312286411436425
2025-12-17,-0.0028175810585907533
2025-12-18,0.0031359997860378654
2025-12-19,0.00485163797626639
2025-12-22,0.005257585007424298
2025-12-23,0.004254041819010336
2025-12-24,0.0005739040636001139
2025-12-26,0.0018897680603734966
2025-12-29,-0.010881627458221547
2025-12-30,0.0035408332356237243
