Date,Portfolio
2018-01-04,0.004234530358744481
2018-01-05,0.007400022151267577
2018-01-08,0.0006552866171256169
2018-01-09,0.00685361012452861
2018-01-10,-0.000727483117750966
2018-01-11,-0.0009602125219322909
2018-01-12,0.00718550685673097
2018-01-15,0.0024348185721292355
2018-01-16,0.0003108665041352868
2018-01-17,0.0055879089689168816
2018-01-18,0.0016127630531689618
2018-01-19,0.006703117772521412
2018-01-22,0.005895474439415441
2018-01-23,-0.0034624393345494427
2018-01-24,0.004089347855634608
2018-01-25,-0.0025644966720611835
2018-01-26,0.007183481237068506
2018-01-29,0.0031261980922877874
2018-01-30,-0.003170287884192786
2018-01-31,0.00030537780391540984
2018-02-01,0.004423490992547173
2018-02-02,0.001978352617130552
2018-02-05,-0.01834868742548431
2018-02-06,-0.006020830048401713
2018-02-07,0.009722165400479965
2018-02-08,-0.012868787892443693
2018-02-09,-0.002829851132299963
2018-02-12,0.008955418668736961
2018-02-13,-0.001773257434996912
2018-02-14,0.014852495744521773
2018-02-15,0.0028748814903861914
2018-02-16,0.0014627530686944648
2018-02-19,-0.00258507872748251
2018-02-20,5.4353738438647726e-05
2018-02-21,0.0028179433154414835
2018-02-22,-0.0031847453072277746
2018-02-23,-0.0004893430073248337
2018-02-26,0.0018850461072466849
2018-02-27,0.0015564981240326402
2018-02-28,-0.008882025862734542
2018-03-01,-0.013383615517859437
2018-03-02,0.004891162100498623
2018-03-05,0.007032386556183417
2018-03-06,0.001773368120159015
2018-03-07,0.0024093420355031656
2018-03-08,0.000738905606747419
2018-03-09,0.005229022371507565
2018-03-12,-0.002423892777612191
2018-03-13,-0.004476061140477749
2018-03-14,-0.004066844724320427
2018-03-15,0.0013157515086241523
2018-03-16,0.0025305708799544984
2018-03-19,-0.005715813649500372
2018-03-20,0.005353184860167908
2018-03-21,0.001233956639482552
2018-03-22,-0.014067913595337222
2018-03-23,-0.006137351620263323
2018-03-26,0.00641063865698065
2018-03-27,-0.006552368175116361
2018-03-28,-0.0029918884440255024
2018-03-29,-0.0008405512105470883
2018-03-30,-0.00012059877218090876
2018-04-02,-0.003871683149084807
2018-04-03,0.0062500900780662625
2018-04-04,0.0023310556105296453
2018-04-05,0.010629954997623446
2018-04-06,-0.011812610685420997
2018-04-09,0.002902275739917889
2018-04-10,0.007150946827768219
2018-04-11,-0.0012383040103723768
2018-04-12,0.006546700839318612
2018-04-13,-0.0010762579476633917
2018-04-16,0.0017765522868060568
2018-04-17,0.003167682286156816
2018-04-18,0.006612384996835816
2018-04-19,0.0032540837037108037
2018-04-20,0.0012093484426587086
2018-04-23,0.001076247806829045
2018-04-24,-0.002192972174793257
2018-04-25,0.002791765408854607
2018-04-26,-0.0016745415785877416
2018-04-27,-0.0030996435005834766
2018-04-30,-0.0028695564083059937
2018-05-01,0.002934815733114239
2018-05-02,-0.0032664115228258667
2018-05-03,-0.00372951556303267
2018-05-04,0.0043469198064580074
2018-05-07,0.0014554302107199512
2018-05-08,0.0011473038080042012
2018-05-09,0.0049484277443296336
2018-05-10,-0.00107519146869862
2018-05-11,0.0011517511900968039
2018-05-14,0.0029929680786125934
2018-05-15,0.0044712958894446535
2018-05-16,0.00043057293666871286
2018-05-17,0.0026010780747716612
2018-05-18,-0.00584892050426853
2018-05-21,0.00079086021760481
2018-05-22,0.0006797985016906263
2018-05-23,-0.008283148764463543
2018-05-24,-0.003970955068541743
2018-05-25,-0.005727761910217917
2018-05-28,-0.0024461886370230976
2018-05-29,-0.024063249871094306
2018-05-30,0.009900610729416866
2018-05-31,-0.003419953350839931
2018-06-01,0.012589372187361692
2018-06-04,0.005589269962626885
2018-06-05,-0.0015553304527995912
2018-06-06,0.008047325714006862
2018-06-07,-0.003337113054654516
2018-06-08,0.0004297605092330077
2018-06-11,0.004021065747092626
2018-06-12,-0.0003787066707948105
2018-06-13,0.0011433324595845195
2018-06-14,0.0016244831985269981
2018-06-15,-0.010116821285800257
2018-06-18,-0.0017893480712065902
2018-06-19,-0.005473674013497179
2018-06-20,0.003127735296515563
2018-06-21,-0.007055541712886653
2018-06-22,0.0033855613074149685
2018-06-25,-0.008798874218283992
2018-06-26,0.0009268989011830121
2018-06-27,-0.006822919436175216
2018-06-28,-0.0004153793876688781
2018-06-29,0.0024104443377290525
2018-07-02,0.0020811260681416967
2018-07-03,-0.001600936402944783
2018-07-04,0.0006273968498871347
2018-07-05,0.00412240223443529
2018-07-06,0.0015121516373399044
2018-07-09,0.00677004995111999
2018-07-10,0.0025340310732806515
2018-07-11,-0.009025418579001708
2018-07-12,0.003566749327385833
2018-07-13,-0.0022033427581890637
2018-07-16,0.002430889191319239
2018-07-17,0.0014226131132016732
2018-07-18,0.002257124891577009
2018-07-19,-0.004950057417166364
2018-07-20,0.0048983041264360275
2018-07-23,0.008223903215051237
2018-07-24,0.00019400605176662854
2018-07-25,9.529131999038061e-05
2018-07-26,0.006081993092492152
2018-07-27,-0.0036530141611696423
2018-07-30,-0.00028843324187168375
2018-07-31,0.0016125243374720685
2018-08-01,0.002934201251801441
2018-08-02,-0.004946351077175012
2018-08-03,-0.002725542544463477
2018-08-06,-0.001641674034013017
2018-08-07,0.005331648262852589
2018-08-08,0.00015360253423607261
2018-08-09,-0.0038386530550732784
2018-08-10,-0.014997752355706388
2018-08-13,-0.00358489404377705
2018-08-14,0.0034101938041492816
2018-08-15,-0.01129820998151852
2018-08-16,0.004531467859411692
2018-08-17,0.0011011949092307157
2018-08-20,-0.0015216143537982404
2018-08-21,0.005117122717931338
2018-08-22,-1.3486463171009466e-05
2018-08-23,-0.001246412853114007
2018-08-24,0.0031409860017429132
2018-08-27,0.007559003477972417
2018-08-28,0.003795764208492043
2018-08-29,0.0015234111148336575
2018-08-30,-0.005105378947179706
2018-08-31,-0.003495550457790387
2018-09-03,-0.0009703002382759572
2018-09-04,0.002280747854879719
2018-09-05,-0.003497136738385897
2018-09-06,-0.0032199329687621773
2018-09-07,0.005273525446905762
2018-09-10,-0.00023453410715520306
2018-09-11,0.00575162471872496
2018-09-12,0.00033472123671956307
2018-09-13,0.0018258530298267046
2018-09-14,0.0043220264334963695
2018-09-17,-0.0010128626135120248
2018-09-18,0.00691738776172598
2018-09-19,0.004910937914817488
2018-09-20,0.00335763452375243
2018-09-21,0.001466548847954954
2018-09-24,-0.001083799235400024
2018-09-25,0.002707151261342959
2018-09-26,-0.0041973976217905655
2018-09-27,-0.00020547323331017442
2018-09-28,-0.004082153927355182
2018-10-01,0.0030311727628960323
2018-10-02,-0.003105348822730787
2018-10-03,0.010459568203998374
2018-10-04,-0.0014387791354606343
2018-10-05,0.0008075547202358425
2018-10-08,-0.0028170106862758356
2018-10-09,-0.002143334865617311
2018-10-10,-0.008030319291272561
2018-10-11,-0.013111105391930724
2018-10-12,0.0032081321641090023
2018-10-15,0.0019095376465036677
2018-10-16,0.007122411503958694
2018-10-17,0.0008153278748504325
2018-10-18,-0.006289853781793364
2018-10-19,0.0012355033524691294
2018-10-22,-0.0018186879192612663
2018-10-23,-0.006769864643876449
2018-10-24,-0.011316599936429566
2018-10-25,0.005819413147969554
2018-10-26,-0.011167165072585016
2018-10-29,0.0006470799783870925
2018-10-30,0.004289317890912521
2018-10-31,0.008653783077225212
2018-11-01,0.0025038429562622014
2018-11-02,0.007085444442285361
2018-11-05,-0.00010458929445969239
2018-11-06,0.001624436964186697
2018-11-07,0.007149059992148879
2018-11-08,0.0005766413041963609
2018-11-09,-0.009063620353346975
2018-11-12,-0.007655381064884056
2018-11-13,-0.004065875512758538
2018-11-14,-0.0030214488728644265
2018-11-15,0.0013901473008128052
2018-11-16,-0.003531997999092486
2018-11-19,-0.004552861655991323
2018-11-20,-0.00698656837309538
2018-11-21,0.00340764888247513
2018-11-22,-0.0014549277047472661
2018-11-23,-0.001461598963906212
2018-11-26,0.005873001049083528
2018-11-27,-0.00222099895217008
2018-11-28,0.0038063122792259684
2018-11-29,0.0004964367744763061
2018-11-30,-0.0005134193295107599
2018-12-03,0.0029268751126657463
2018-12-04,-0.014280366710511066
2018-12-05,-0.0026705906451420405
2018-12-06,-0.012139145529824447
2018-12-07,-0.0054662829556679695
2018-12-10,-0.0015407952481214986
2018-12-11,0.00393453948644934
2018-12-12,0.00690985555733431
2018-12-13,0.001496558608938339
2018-12-14,-0.007816641167482504
2018-12-17,-0.009809230457971059
2018-12-18,-0.003984187023470421
2018-12-19,-0.006715630435413058
2018-12-20,-0.0042239388412768685
2018-12-21,-0.003401147194687332
2018-12-24,-0.010539358127343842
2018-12-25,0.0005466408776726226
2018-12-26,0.015210820181399158
2018-12-27,-0.008720074305361916
2018-12-28,0.003732441131308068
2018-12-31,-0.0038114133343495767
2019-01-01,0.0009264996202792893
2019-01-02,-0.002887139883173089
2019-01-03,-0.0211538750844324
2019-01-04,0.025233544079395927
2019-01-07,0.004099331784879087
2019-01-08,0.008039026208637185
2019-01-09,0.0032010625078099544
2019-01-10,0.0029501499684053407
2019-01-11,-0.004303964835598093
2019-01-14,-0.0017420263357784467
2019-01-15,0.0030815588380490606
2019-01-16,0.002685159783296625
2019-01-17,0.002596207657531416
2019-01-18,0.009792495409405043
2019-01-21,-0.0011050238187664987
2019-01-22,-0.009355106011528842
2019-01-23,0.003085351866356702
2019-01-24,-0.0034219429017584933
2019-01-25,0.008644594511955348
2019-01-28,-0.0020698366830519395
2019-01-29,-0.00204236236617018
2019-01-30,0.0019500771768282382
2019-01-31,-0.003530849158682079
2019-02-01,0.0063496298445434645
2019-02-04,0.004536655686775167
2019-02-05,0.001291911854891128
2019-02-06,-0.0014076534984666
2019-02-07,-0.012160155443939164
2019-02-08,-0.0032503867323761468
2019-02-11,0.004565545049960454
2019-02-12,0.006093488244445976
2019-02-13,0.005107398520501233
2019-02-14,-0.008779840038503076
2019-02-15,0.007997662240713691
2019-02-18,0.00026576187939339783
2019-02-19,-0.00027628885685258473
2019-02-20,0.0031700583946626297
2019-02-21,0.0019444916124949298
2019-02-22,-0.0016376105649255973
2019-02-25,0.0025887557602466142
2019-02-26,-0.003388181943474964
2019-02-27,0.00580112042299297
2019-02-28,0.001773836375431691
2019-03-01,0.0056663598648466216
2019-03-04,-0.004945496095672136
2019-03-05,-0.0005175142562253241
2019-03-06,-0.005093820952525346
2019-03-07,-0.008855744533241835
2019-03-08,-0.0042457704816209075
2019-03-11,0.0062009809988869385
2019-03-12,-0.0027273652175312736
2019-03-13,0.004613047697853719
2019-03-14,0.00280354736554552
2019-03-15,-0.00039049215410853386
2019-03-18,0.0019752127117884715
2019-03-19,0.003244459256393
2019-03-20,-0.01197261555309022
2019-03-21,0.003812180970690736
2019-03-22,-0.017892607055349855
2019-03-25,-0.005407783028342785
2019-03-26,0.0016138955604624392
2019-03-27,-0.006853001146446347
2019-03-28,0.0005444431049789577
2019-03-29,0.0062102214930988536
2019-04-01,0.013974595377867435
2019-04-02,-0.0015151341134718276
2019-04-03,0.007043658832003139
2019-04-04,0.0008884645534716473
2019-04-05,-0.0003365339763116548
2019-04-08,0.002219790397921616
2019-04-09,-0.0036761070838413927
2019-04-10,-0.0009083833524577861
2019-04-11,0.0024740813880544665
2019-04-12,0.008554299660326645
2019-04-15,-0.0003044257274738669
2019-04-16,0.004284473585252619
2019-04-17,-1.1017235187679722e-05
2019-04-18,-0.0019876049329395308
2019-04-19,-0.0010861026045466474
2019-04-22,0.003976066897101493
2019-04-23,-0.00037503037271664937
2019-04-24,-0.006293355347634536
2019-04-25,-0.0005053055856933485
2019-04-26,-0.0016204899155914596
2019-04-29,0.003740566202417192
2019-04-30,-0.0013447128620378218
2019-05-01,-0.0008252027056169011
2019-05-02,0.001777863062300966
2019-05-03,0.00047246638750744134
2019-05-06,-0.0064490404833606185
2019-05-07,-0.01280966909160513
2019-05-08,0.004248648228993518
2019-05-09,-0.007125852459995957
2019-05-10,0.0017096045461733706
2019-05-13,-0.012099268576103963
2019-05-14,0.005461009796044884
2019-05-15,-0.0029464953341283664
2019-05-16,0.007299551721753664
2019-05-17,-0.0048469397818300996
2019-05-20,-0.0017949696354990657
2019-05-21,0.003657928872861717
2019-05-22,-0.00453640302360179
2019-05-23,-0.01771592645940617
2019-05-24,0.005694882243146566
2019-05-27,0.0012425509317738712
2019-05-28,-0.010694332588589475
2019-05-29,-0.00881547085645282
2019-05-30,-0.0008822547529322308
2019-05-31,-0.014057016091058219
2019-06-03,-0.005962863711462833
2019-06-04,0.013018100971499592
2019-06-05,0.003085553397272208
2019-06-06,0.0015249535679260256
2019-06-07,-0.00012192111758114202
2019-06-10,0.008840020832128224
2019-06-11,0.0009423346939879011
2019-06-12,-0.002473295233231047
2019-06-13,-0.004127782894865906
2019-06-14,-0.0009055124029685638
2019-06-17,-0.0018126155184260294
2019-06-18,0.0029717168163211887
2019-06-19,-0.004467401086833171
2019-06-20,0.0027369233151121122
2019-06-21,0.010812226745687995
2019-06-24,-0.005039592087552336
2019-06-25,-0.006277325811511733
2019-06-26,0.007067615615962835
2019-06-27,-0.0059250642697956804
2019-06-28,0.0022703922750783763
2019-07-01,0.006091750057574572
2019-07-02,-0.007507174057643402
2019-07-03,0.0008967721563426685
2019-07-04,0.00010839962111035473
2019-07-05,0.011442345357650159
2019-07-08,-0.004283036601981992
2019-07-09,0.002219638291162401
2019-07-10,0.0022098099189295176
2019-07-11,0.009138911931639454
2019-07-12,-0.0007311495463213663
2019-07-15,-0.0012480185841986656
2019-07-16,0.004341145277418813
2019-07-17,-0.011213411943563987
2019-07-18,-0.0030785845119052635
2019-07-19,0.0005736553363044111
2019-07-22,-0.00036421882403062474
2019-07-23,0.007746096261406965
2019-07-24,-0.0033462015575138
2019-07-25,0.0003586959639324454
2019-07-26,0.003688899102259121
2019-07-29,-0.004320015297633973
2019-07-30,-0.002213899367927893
2019-07-31,-0.007822362694840355
2019-08-01,-0.02319521392862
2019-08-02,-0.011155758608981317
2019-08-05,-0.028177243187649477
2019-08-06,0.005070766211357292
2019-08-07,-0.006690475281614662
2019-08-08,0.012591443021448977
2019-08-09,-0.001060102429995372
2019-08-12,-0.018853576425313604
2019-08-13,0.0122166039693751
2019-08-14,-0.02811647657307258
2019-08-15,-0.010262271105441118
2019-08-16,0.006618871214700109
2019-08-19,0.01492936762926954
2019-08-20,-0.00965918684671213
2019-08-21,0.007614316357549851
2019-08-22,0.004244858810601577
2019-08-23,-0.021474820176204713
2019-08-26,0.0074199492604262365
2019-08-27,-0.009977311089937194
2019-08-28,-0.0043232225531427
2019-08-29,0.014482158244965248
2019-08-30,-0.0018721558165615128
2019-09-02,-0.0009354381394116846
2019-09-03,-0.008824204294597763
2019-09-04,0.002866371417664988
2019-09-05,0.024400354075664144
2019-09-06,-0.002690766718057224
2019-09-09,0.013042521774587333
2019-09-10,0.01444258695164844
2019-09-11,0.008182376620881896
2019-09-12,0.011319311802675626
2019-09-13,0.018977532255622657
2019-09-16,-0.011087657375691664
2019-09-17,-0.005357619902104775
2019-09-18,-0.002477924585043567
2019-09-19,-0.002016249097699846
2019-09-20,-0.002258387237549548
2019-09-23,-0.009551877660204763
2019-09-24,-0.014983169612435876
2019-09-25,0.016047397012807302
2019-09-26,-0.00862430934687964
2019-09-27,-0.0031876607849375873
2019-09-30,0.00044396649759527495
2019-10-01,-0.010643175305145624
2019-10-02,-0.016638660290877197
2019-10-03,-0.008738707379320716
2019-10-04,0.0005563527742801068
2019-10-07,0.007590917427306096
2019-10-08,-0.00876981988864683
2019-10-09,0.013870505750202556
2019-10-10,0.015614385156332766
2019-10-11,0.02263077287340611
2019-10-14,-0.0033660952695578747
2019-10-15,0.009890436866075655
2019-10-16,-0.003483489790983766
2019-10-17,0.0025168614725306357
2019-10-18,-0.0023454650867910953
2019-10-21,0.010272969610853935
2019-10-22,-0.0046154794776973734
2019-10-23,-0.0006990409678167423
2019-10-24,0.0030344382512049574
2019-10-25,0.006411679796652693
2019-10-28,0.008717473544483118
2019-10-29,-0.0032267775904447162
2019-10-30,-0.0048624733427034715
2019-10-31,-0.017967063444285458
2019-11-01,0.00930792506042498
2019-11-04,0.013089047538765533
2019-11-05,0.011022124422004632
2019-11-06,-0.00802108509417782
2019-11-07,0.01766011169048572
2019-11-08,0.00010385998535404053
2019-11-11,0.0006541942918952821
2019-11-12,-0.00415092957328
2019-11-13,-0.006495451314838915
2019-11-14,-0.008663270188174022
2019-11-15,0.005715725722744818
2019-11-18,-0.0036716652936160357
2019-11-19,-0.003768145927064255
2019-11-20,-0.009474895716818222
2019-11-21,0.00455074545275884
2019-11-22,0.0009541084074394122
2019-11-25,-0.0003281268915896756
2019-11-26,-0.0037141347264683013
2019-11-27,0.00555443589449509
2019-11-28,-0.0007729762958212157
2019-11-29,0.0016331110338215096
2019-12-02,0.003943185996284269
2019-12-03,-0.021533660896613002
2019-12-04,0.016164332128330926
2019-12-05,0.0024887745442117182
2019-12-06,0.010839263753743509
2019-12-09,-0.004679645048870208
2019-12-10,0.0007503531090349998
2019-12-11,-0.0047241580127036055
2019-12-12,0.020739493526825553
2019-12-13,-0.009747474610163325
2019-12-16,0.014305004176834397
2019-12-17,-0.0016723087570088555
2019-12-18,0.0052083310605594785
2019-12-19,-0.0018635768177212905
2019-12-20,0.0043313954942388825
2019-12-23,0.0026792011455852357
2019-12-24,-0.0025740221789616034
2019-12-25,-6.654736493747999e-05
2019-12-26,0.0010101597180654932
2019-12-27,-0.004218587876993793
2019-12-30,0.001891810758949188
2019-12-31,0.0050508137206604
2020-01-01,0.0003305285172248428
2020-01-02,-0.0038434677655212485
2020-01-03,-0.014739058749706668
2020-01-06,0.0043533216270713136
2020-01-07,0.0034373193705118056
2020-01-08,0.007610488964683011
2020-01-09,-0.0011258612090274856
2020-01-10,-0.00594811461944663
2020-01-13,0.004141616856072495
2020-01-14,-0.005512961690085907
2020-01-15,-0.004391915083249253
2020-01-16,0.005658792949787149
2020-01-17,0.007387286666897242
2020-01-20,-0.0012946372451943366
2020-01-21,-0.012317864245092803
2020-01-22,-0.0012398811595902956
2020-01-23,-0.005694606875694931
2020-01-24,-0.010243522748606966
2020-01-27,-0.022664705532837455
2020-01-28,0.01030839645484627
2020-01-29,-0.0078827196607377
2020-01-30,-0.007916675010410247
2020-01-31,-0.013516733761131288
2020-02-03,0.003297329221707143
2020-02-04,0.02056671903980119
2020-02-05,0.01334497905305593
2020-02-06,0.0008647303987191034
2020-02-07,-0.01387354084612352
2020-02-10,-0.0049979798159970334
2020-02-11,0.009041566897370908
2020-02-12,0.010455238861966509
2020-02-13,-0.003435664707483314
2020-02-14,-0.005431395999156227
2020-02-17,0.0005613684498245403
2020-02-18,-0.006505387609912845
2020-02-19,0.004754750264538102
2020-02-20,-0.010848008804227375
2020-02-21,-0.012808291878876325
2020-02-24,-0.03219317550482653
2020-02-25,-0.022098411359769383
2020-02-26,-0.0048296525504063085
2020-02-27,-0.018416866540744134
2020-02-28,-0.05442254310965675
2020-03-02,0.0017650976428064255
2020-03-03,-0.02129310639317405
2020-03-04,0.0063293792688868256
2020-03-05,-0.030132075527640224
2020-03-06,-0.09101462411266918
2020-03-09,-0.1344640734678858
2020-03-10,0.1270247462068111
2020-03-11,0.01473607163068982
2020-03-12,-0.040243362334410886
2020-03-13,0.048871571208889776
2020-03-16,-0.1189856643845955
2020-03-17,0.11514716669367411
2020-03-18,0.04340595767225448
2020-03-19,-0.03134134523746784
2020-03-20,-0.05951140864865166
2020-03-23,-0.06636783549813917
2020-03-24,0.06244562055385289
2020-03-25,0.02252854253094943
2020-03-26,0.0012696520858001851
2020-03-27,-0.037965880499895376
2020-03-30,-0.0226331277177235
2020-03-31,0.006218637289288894
2020-04-01,-0.04560726745228693
2020-04-02,0.0029589199871189746
2020-04-03,-0.026191173283490375
2020-04-06,0.06755885297268818
2020-04-07,0.0287672601013488
2020-04-08,0.019170603945088165
2020-04-09,-0.004715570527229463
2020-04-10,0.001170155433167186
2020-04-13,0.006678693611590921
2020-04-14,0.00944235521932905
2020-04-15,-0.061982210001412914
2020-04-16,-0.014362228668804392
2020-04-17,0.029317209474636688
2020-04-20,-0.014385235917147873
2020-04-21,-0.04353510843351697
2020-04-22,0.03465665881614663
2020-04-23,-0.0023937520409073616
2020-04-24,-0.00990993384437185
2020-04-27,0.03701858233895868
2020-04-28,-0.019484045982880234
2020-04-29,0.01761416566900701
2020-04-30,-0.009239224367531381
2020-05-01,0.005662567406599926
2020-05-04,-0.008271371330513045
2020-05-05,0.014091660446572124
2020-05-06,0.01764621456742156
2020-05-07,-0.0294799206543707
2020-05-08,0.028584681673982978
2020-05-11,0.016286196870895973
2020-05-12,-0.024653337445443083
2020-05-13,-0.02056456740573559
2020-05-14,-0.014544471291836237
2020-05-15,0.012116879731108584
2020-05-18,0.06034119212124407
2020-05-19,-0.013918983649836146
2020-05-20,-0.006748883062230734
2020-05-21,-0.0036137463822266402
2020-05-22,-0.010783566440765883
2020-05-25,0.00365899790622302
2020-05-26,0.02064954419493904
2020-05-27,0.0002963688648848341
2020-05-28,0.01404685478862406
2020-05-29,-0.024718903112609245
2020-06-01,0.00792343264193074
2020-06-02,0.016100339891847965
2020-06-03,0.04289114690794278
2020-06-04,0.023306221486760693
2020-06-05,0.041103624234153126
2020-06-08,-0.004398477385234128
2020-06-09,-0.022849127154310225
2020-06-10,-0.033154212633567326
2020-06-11,-0.060494635919371154
2020-06-12,0.022077698879798817
2020-06-15,0.0006757606325129168
2020-06-16,0.0347095689273149
2020-06-17,-0.009775866658671865
2020-06-18,-0.01800873552823225
2020-06-19,0.0019866539497899226
2020-06-22,0.0026278340462037282
2020-06-23,0.009169239919687922
2020-06-24,-0.02211216078164183
2020-06-25,-0.0021168898305277493
2020-06-26,-0.023156396227519947
2020-06-29,0.004843669099002196
2020-06-30,0.012498894020104859
2020-07-01,0.012379261885246972
2020-07-02,0.0016120637966037777
2020-07-03,-0.001795425240415793
2020-07-06,0.013572122172911233
2020-07-07,-0.017140042934106536
2020-07-08,0.0007516342452306246
2020-07-09,-0.0253301603315775
2020-07-10,0.016832326505103346
2020-07-13,0.005755043290491684
2020-07-14,-0.010401826485847513
2020-07-15,0.013620390799838253
2020-07-16,-0.01073133537995335
2020-07-17,0.008418689433552388
2020-07-20,0.0004848892404041343
2020-07-21,-0.0032965623937896383
2020-07-22,-0.00440446587849775
2020-07-23,-0.007115553482981791
2020-07-24,-0.0003919145346529303
2020-07-27,0.013736793366922894
2020-07-28,-0.012675437911365944
2020-07-29,0.0008217484850166219
2020-07-30,-0.026253089541931153
2020-07-31,-0.0008191324164982159
2020-08-03,0.019423074625643803
2020-08-04,-0.02419102613339945
2020-08-05,0.020395863287720577
2020-08-06,-0.002363040099391754
2020-08-07,0.013115186717393566
2020-08-10,0.0064433704105435466
2020-08-11,0.038361417557633816
2020-08-12,0.010155194763243048
2020-08-13,0.020392059823338922
2020-08-14,-0.005882567183948111
2020-08-17,-0.0075623798355898535
2020-08-18,-0.005609988956932608
2020-08-19,0.002631420027812212
2020-08-20,-0.01915571595546414
2020-08-21,-0.0015032025567949187
2020-08-24,0.007531407353324913
2020-08-25,0.01597787860750842
2020-08-26,0.008024003597026885
2020-08-27,0.022654580869813472
2020-08-28,-0.004683770835166355
2020-08-31,-0.016431000523896087
2020-09-01,-0.007043721869277151
2020-09-02,-0.004832365480332442
2020-09-03,-0.02447151611445868
2020-09-04,0.03969798478714159
2020-09-07,0.0031638023420920815
2020-09-08,-0.024015856128791174
2020-09-09,0.015425831825001691
2020-09-10,-0.010956123183518636
2020-09-11,-0.007338300007073466
2020-09-14,0.004583362440529452
2020-09-15,0.006151164207439238
2020-09-16,0.00275008859611049
2020-09-17,-0.0060696811056966385
2020-09-18,0.001491032248830656
2020-09-21,-0.022744661157222377
2020-09-22,-0.0023026366772776075
2020-09-23,-0.00149607455616618
2020-09-24,-0.005568237624832094
2020-09-25,-0.0017511543710823192
2020-09-28,0.010588217582692735
2020-09-29,-0.007887117991641324
2020-09-30,0.01559879501044026
2020-10-01,0.0019148197016435786
2020-10-02,0.0060717103236888675
2020-10-05,0.032796706583123315
2020-10-06,-0.009355733617334256
2020-10-07,0.018501236662502994
2020-10-08,-0.003997476345810503
2020-10-09,0.008325655530615955
2020-10-12,0.006552922693289771
2020-10-13,-0.02416696871549965
2020-10-14,-0.004340342386756054
2020-10-15,-0.0014446241389837143
2020-10-16,0.00783985350392811
2020-10-19,0.0037393302603261473
2020-10-20,0.015023027288774849
2020-10-21,0.005458204220949911
2020-10-22,0.011174763672348029
2020-10-23,-0.0006857199817582574
2020-10-26,-0.023709851693646908
2020-10-27,-0.011930554589025068
2020-10-28,-0.015280262072722242
2020-10-29,0.02102624048765014
2020-10-30,0.005722175203587416
2020-11-02,0.002753381071058214
2020-11-03,0.02110991169795125
2020-11-04,-0.031865017631016394
2020-11-05,0.012519738223956753
2020-11-06,0.01746878049196326
2020-11-09,0.05749243345501641
2020-11-10,0.0061820706011902465
2020-11-11,-0.0023303581489545924
2020-11-12,-0.02806694607365566
2020-11-13,0.00671789657120893
2020-11-16,0.009424459022798887
2020-11-17,-0.012213785009226616
2020-11-18,0.001368157318568848
2020-11-19,-0.01156704081468102
2020-11-20,-0.008439142042779584
2020-11-23,0.008950307562958114
2020-11-24,0.012198841782643308
2020-11-25,-0.000434097516638084
2020-11-26,0.0002726165550953537
2020-11-27,-0.012517613766901912
2020-11-30,-0.0016377713341694394
2020-12-01,0.036085051526236214
2020-12-02,0.007505354535149078
2020-12-03,-0.00808761736521327
2020-12-04,0.019046386261773553
2020-12-07,-0.012876862768127483
2020-12-08,-0.00422424482480089
2020-12-09,0.005654288913508219
2020-12-10,-0.011934147137980154
2020-12-11,-0.005912242521346629
2020-12-14,-0.0009575324863083132
2020-12-15,0.015352759677795084
2020-12-16,0.0008888414014106384
2020-12-17,0.00780316116993875
2020-12-18,0.005148691652805017
2020-12-21,-0.00966385062282176
2020-12-22,-0.005360834639974015
2020-12-23,0.013987656548789822
2020-12-24,-0.007542812398082463
2020-12-25,-0.00010970171893282995
2020-12-28,0.005571860242749412
2020-12-29,0.0009630944037498348
2020-12-30,-0.0020989185699370814
2020-12-31,-0.0007705860029355079
2021-01-01,-0.0019547035768827602
2021-01-04,0.0004657602769060601
2021-01-05,0.01308770857156883
2021-01-06,0.02924714136651318
2021-01-07,0.01275559453117303
2021-01-08,0.006409252487302157
2021-01-11,0.004029429199154678
2021-01-12,0.0004176143743853827
2021-01-13,-0.011412398721379594
2021-01-14,0.010775524400532104
2021-01-15,-0.013705573404227407
2021-01-18,-0.0011999488836287493
2021-01-19,0.0005554591926736009
2021-01-20,0.006245712673891157
2021-01-21,0.004517975233919343
2021-01-22,-0.006076674120545908
2021-01-25,-0.016385894640542815
2021-01-26,0.0013152752029553035
2021-01-27,-0.01600353249467955
2021-01-28,0.014232408549003078
2021-01-29,0.0026080647489101503
2021-02-01,0.002370519530020333
2021-02-02,0.011254813340239754
2021-02-03,0.00785138631345183
2021-02-04,0.0037227437258993217
2021-02-05,0.009543857892795058
2021-02-08,0.0019509127184600503
2021-02-09,-0.0009733813863411844
2021-02-10,-0.005668690615664416
2021-02-11,0.007317067941117505
2021-02-12,0.012916208189874408
2021-02-15,0.0019223478592160547
2021-02-16,0.022067944080129468
2021-02-17,-0.0031512735437417404
2021-02-18,-0.005757520720334292
2021-02-19,0.01546901650791061
2021-02-22,0.005532310850847647
2021-02-23,-0.001549312263482683
2021-02-24,0.008374736335502774
2021-02-25,0.019649371762159352
2021-02-26,-0.018131765747151384
2021-03-01,0.004141468931703256
2021-03-02,-0.008088716636611069
2021-03-03,0.00861942041844701
2021-03-04,0.011307453509965641
2021-03-05,0.0012090688161187067
2021-03-08,0.010060936851985235
2021-03-09,-0.004480547508524927
2021-03-10,-0.00104143702979976
2021-03-11,0.0053080149528788485
2021-03-12,0.020906254668344025
2021-03-15,-0.004129676248058443
2021-03-16,0.003080350295357095
2021-03-17,0.00356558714711554
2021-03-18,0.015464395016742905
2021-03-19,-0.0019090925873489959
2021-03-22,-0.007994397763051848
2021-03-23,-0.010115265529671442
2021-03-24,-0.006323351064041771
2021-03-25,0.00012474870939794375
2021-03-26,0.013305897949303824
2021-03-29,0.010514436402606197
2021-03-30,0.0005078240609104291
2021-03-31,0.004776106856013136
2021-04-01,-0.007199685281200996
2021-04-02,0.0008697926155226308
2021-04-05,0.009933583020877459
2021-04-06,-0.008637610891761165
2021-04-07,-8.483074831139767e-05
2021-04-08,-0.0009859932290281683
2021-04-09,0.00770975288303494
2021-04-12,-0.00022762070214339144
2021-04-13,-0.007445583227785394
2021-04-14,0.002420439522016455
2021-04-15,-0.01511847777516901
2021-04-16,0.01153487178629925
2021-04-19,0.0029999070323861823
2021-04-20,-0.011047266669922041
2021-04-21,0.004679015589974075
2021-04-22,-0.002385549532261137
2021-04-23,0.003981842410434118
2021-04-26,0.002672779664784736
2021-04-27,0.009085278270541683
2021-04-28,-0.0005113065691991367
2021-04-29,0.004589043961799835
2021-04-30,-0.004397788763867896
2021-05-03,-0.002909379354505867
2021-05-04,-0.008280023321284285
2021-05-05,0.002262819854238883
2021-05-06,-0.001302035830695581
2021-05-07,0.008123771272374826
2021-05-10,0.004120173891413353
2021-05-11,-0.0021130690765783777
2021-05-12,0.00790171588326076
2021-05-13,-0.0034212731197741974
2021-05-14,0.0012329182808727434
2021-05-17,0.0026852297838825564
2021-05-18,-0.0012969965093084742
2021-05-19,0.005175659071689875
2021-05-20,-0.004392368361640883
2021-05-21,0.0013549873662479744
2021-05-24,-0.0027427037612128835
2021-05-25,-0.007011232458231077
2021-05-26,0.0028022465662095805
2021-05-27,0.006171235031453935
2021-05-28,-0.0033851764900699943
2021-05-31,-0.0015851147183036061
2021-06-01,0.00859907195010952
2021-06-02,-0.0033869501140358638
2021-06-03,0.0031121383792764145
2021-06-04,-0.010264793541268436
2021-06-07,0.002922924406197562
2021-06-08,-0.007817372382436847
2021-06-09,-0.008368866030638224
2021-06-10,-0.005012750571736824
2021-06-11,0.001449559067525203
2021-06-14,0.006806227259402168
2021-06-15,-0.0005906365742802395
2021-06-16,0.01335775220975521
2021-06-17,-0.017979055673178444
2021-06-18,-0.02034168268546071
2021-06-21,0.011262474593648571
2021-06-22,-0.000543944396275946
2021-06-23,0.0012652274360568127
2021-06-24,0.002990876371098388
2021-06-25,0.01031400311210639
2021-06-28,-0.012216302255836194
2021-06-29,0.00014941430856542782
2021-06-30,-0.009444973906645842
2021-07-01,0.008880946021348677
2021-07-02,-0.008141786236619316
2021-07-05,0.00031807251531340173
2021-07-06,-0.014441077233037952
2021-07-07,-0.009201932620275978
2021-07-08,-0.014247644807446423
2021-07-09,0.022970950499103412
2021-07-12,0.003645117215306818
2021-07-13,0.010670656961498815
2021-07-14,-0.013003060451468743
2021-07-15,-0.014906805621124328
2021-07-16,-0.0029669096306991676
2021-07-19,-0.037669590919822776
2021-07-20,0.01123013429835499
2021-07-21,0.021678324897172915
2021-07-22,-0.0012695270101450505
2021-07-23,0.008870262862240276
2021-07-26,-0.002321391714898908
2021-07-27,-0.012207890755663234
2021-07-28,0.008586686798616934
2021-07-29,0.005537428598521854
2021-07-30,-0.009828830134226042
2021-08-02,-0.015337508045120435
2021-08-03,0.0018964414387906857
2021-08-04,0.0023441620180647393
2021-08-05,0.009384557002269976
2021-08-06,0.015898066973984885
2021-08-09,0.0025874475765891016
2021-08-10,0.0064749929619832315
2021-08-11,-0.0007996323707609942
2021-08-12,0.010470311683729906
2021-08-13,-0.013897917011200063
2021-08-16,-0.008517557104940697
2021-08-17,-0.001822518006728344
2021-08-18,-0.00032459077015306234
2021-08-19,-0.010446792234367517
2021-08-20,0.0066284304766064586
2021-08-23,0.0034917795680655967
2021-08-24,0.00956512915764829
2021-08-25,0.011621998554984908
2021-08-26,-0.0011215125921415145
2021-08-27,-0.0029723615399405616
2021-08-30,-0.004701764966811917
2021-08-31,0.004314971457438239
2021-09-01,0.0011891422216305154
2021-09-02,-0.0007779093017392209
2021-09-03,0.006746710003611555
2021-09-06,0.0022496332618502477
2021-09-07,0.006908851624557092
2021-09-08,-0.011352286599215009
2021-09-09,-0.008941469236940391
2021-09-10,0.00735230077308319
2021-09-13,-0.002557314530425084
2021-09-14,-0.011187475784377026
2021-09-15,0.004968628920921666
2021-09-16,0.00511156507432756
2021-09-17,0.0037652460124666825
2021-09-20,-0.02128918026909705
2021-09-21,0.006710413431717912
2021-09-22,0.007071728951113496
2021-09-23,0.018481905212446012
2021-09-24,0.010014198151928779
2021-09-27,0.004394145776550602
2021-09-28,-0.0006246569051342452
2021-09-29,0.0017250352095025435
2021-09-30,-0.005834240302359886
2021-10-01,-0.00869293144974708
2021-10-04,-0.0030577424495353877
2021-10-05,0.014905832948574163
2021-10-06,-0.0031115144196468664
2021-10-07,0.014139396037608127
2021-10-08,0.004799355005301378
2021-10-11,0.0002736721039933366
2021-10-12,-0.007731003048768869
2021-10-13,-0.0023038432051756008
2021-10-14,0.002013529631000165
2021-10-15,0.012368233276461374
2021-10-18,0.0006396592483610428
2021-10-19,0.012289475882575524
2021-10-20,0.0022929367960466307
2021-10-21,0.007288581101624479
2021-10-22,-0.002121830330857554
2021-10-25,-0.0018872573713745564
2021-10-26,-0.0021184294380843854
2021-10-27,-0.018260121709766403
2021-10-28,0.010364975098136405
2021-10-29,-0.0005391528080364992
2021-11-01,0.003702206630109899
2021-11-02,-0.0031406016529447515
2021-11-03,0.005904221083276693
2021-11-04,-0.006423520223195203
2021-11-05,-0.011947235045067487
2021-11-08,0.009482251431908452
2021-11-09,-0.013837082552028876
2021-11-10,0.025240700324839924
2021-11-11,-0.0005268789851689845
2021-11-12,0.0058451599518777615
2021-11-15,0.008141607720786403
2021-11-16,0.001503993548331913
2021-11-17,-0.006044826487589064
2021-11-18,-0.0033883630089728443
2021-11-19,-0.011398411206977746
2021-11-22,0.01133036984616544
2021-11-23,0.003590638296418696
2021-11-24,-0.003797956022724994
2021-11-25,4.553173494692799e-05
2021-11-26,-0.04543562501813071
2021-11-29,0.014474614371663422
2021-11-30,-0.02414999951276901
2021-12-01,0.0024818494679103593
2021-12-02,0.0009299302366334553
2021-12-03,-0.024674382182824132
2021-12-06,0.024496071953954212
2021-12-07,0.02015062260636522
2021-12-08,0.00427546516958299
2021-12-09,-0.006295118692596179
2021-12-10,0.0014120966552618448
2021-12-13,-0.015477053840597414
2021-12-14,-0.001777348481876966
2021-12-15,0.008274842390739947
2021-12-16,-0.005831726742162656
2021-12-17,-0.00708865213325963
2021-12-20,-0.0034646528771365027
2021-12-21,0.021124018143161755
2021-12-22,-0.001141746194634651
2021-12-23,0.012126343683827591
2021-12-24,-2.719225740439631e-05
2021-12-27,0.0011365393804832324
2021-12-28,0.001129856812488264
2021-12-29,0.010770950108830182
2021-12-30,-0.003883281730164977
2021-12-31,-0.000926735973998149
2022-01-03,0.023942805412013185
2022-01-04,0.008353923209142392
2022-01-05,0.004038304295791678
2022-01-06,0.00014529635147937474
2022-01-07,0.004984767616222435
2022-01-10,-0.00078584335649544
2022-01-11,-0.0012877371877602962
2022-01-12,-0.00033873899845390494
2022-01-13,-0.004347257235055432
2022-01-14,0.008649111159856967
2022-01-17,0.0005854017966650176
2022-01-18,0.009329021101053277
2022-01-19,-0.007370668835789928
2022-01-20,0.0004365830369933952
2022-01-21,-0.022626446562111262
2022-01-24,-0.008946872946499079
2022-01-25,0.007202668273358864
2022-01-26,0.013047928968433957
2022-01-27,-0.009937324618524177
2022-01-28,-0.0038719786771975882
2022-01-31,0.006215989849947038
2022-02-01,0.00843291820080549
2022-02-02,-0.002678101735901954
2022-02-03,0.0014902883799899618
2022-02-04,0.0174243177216412
2022-02-07,-0.00015893401688257228
2022-02-08,0.00810229377068066
2022-02-09,0.0027021030305060785
2022-02-10,0.011526366908492191
2022-02-11,-0.01713032742919979
2022-02-14,0.0016196649301266268
2022-02-15,0.01252193917808584
2022-02-16,0.0018733975967096719
2022-02-17,-0.014700497227668951
2022-02-18,-0.009752286655419539
2022-02-21,-0.005264503659145771
2022-02-22,0.0006839837781124697
2022-02-23,0.0006169484491144619
2022-02-24,-0.005221098481695157
2022-02-25,0.010185990093560426
2022-02-28,-0.02540404486851741
2022-03-01,-0.030842260916474927
2022-03-02,0.030536089875546256
2022-03-03,-0.008286301297931979
2022-03-04,-0.031210602912423436
2022-03-07,-0.005859822679413843
2022-03-08,0.02032010526866629
2022-03-09,0.02927494328398712
2022-03-10,0.006315524955104718
2022-03-11,-0.0035844249106536993
2022-03-14,0.01846948230255861
2022-03-15,0.005470986417959952
2022-03-16,0.015650147806331317
2022-03-17,0.005505580134525423
2022-03-18,-0.002200646335044919
2022-03-21,0.020316397627518253
2022-03-22,0.011061893219122354
2022-03-23,-0.010985016979070228
2022-03-24,0.005978202714837159
2022-03-25,0.019648483435530713
2022-03-28,-0.0006212622606476532
2022-03-29,-0.0024178907778345197
2022-03-30,-0.005834462523916494
2022-03-31,-0.007933623647265157
2022-04-01,0.004719165760842933
2022-04-04,0.007717089531057668
2022-04-05,0.011554496499689286
2022-04-06,-0.0021124534719528815
2022-04-07,0.005212600492997615
2022-04-08,0.009023188604918837
2022-04-11,0.003448943479670883
2022-04-12,-0.005813123880104862
2022-04-13,-0.002678384641413311
2022-04-14,0.014764957266764668
2022-04-15,-0.001392078782048145
2022-04-18,0.004045299721363612
2022-04-19,0.005550392819759895
2022-04-20,-0.004257398110322866
2022-04-21,0.00729290858661509
2022-04-22,-0.012280799743064804
2022-04-25,-0.014000509792270306
2022-04-26,-0.014802973660426278
2022-04-27,0.0039285304432748495
2022-04-28,0.010376607049770096
2022-04-29,-0.0034056494152079637
2022-05-02,0.006596197955795132
2022-05-03,-0.001263040928811421
2022-05-04,-0.0001653667096564484
2022-05-05,0.008307665046187865
2022-05-06,-0.00047592564633193863
2022-05-09,-0.01792091043719118
2022-05-10,-0.006722787282885925
2022-05-11,-0.005390710674645029
2022-05-12,-0.01498876108438165
2022-05-13,0.01850033424401848
2022-05-16,-0.007015266142271026
2022-05-17,0.01735559715607438
2022-05-18,-0.017435294348710915
2022-05-19,-0.007591282243050117
2022-05-20,-0.003850864466009741
2022-05-23,0.01426997123132375
2022-05-24,-0.01246674297302996
2022-05-25,0.0022952823194128218
2022-05-26,0.003833652853225634
2022-05-27,0.011587136083267738
2022-05-30,0.0016849422841388262
2022-05-31,0.0071587799079550875
2022-06-01,0.0052644248944297995
2022-06-02,0.0034447393896836513
2022-06-03,0.0012696306774426162
2022-06-06,0.007931170967287675
2022-06-07,-0.003673900210168813
2022-06-08,0.0029634414065816076
2022-06-09,-0.006580251220769769
2022-06-10,-0.002535395647481598
2022-06-13,0.0011706346490814278
2022-06-14,0.00547918370435644
2022-06-15,-0.0007098898959705301
2022-06-16,-0.01853036585416031
2022-06-17,-0.004001028260322547
2022-06-20,0.0007623616887741716
2022-06-21,0.012962280664804978
2022-06-22,-0.01576008162619667
2022-06-23,-0.008102590669856042
2022-06-24,0.016313110489120587
2022-06-27,0.006845279320100805
2022-06-28,-0.0022650027456025297
2022-06-29,-0.0141836826162994
2022-06-30,-0.019142909918273072
2022-07-01,-0.006471626793081906
2022-07-04,-0.0005982372332286999
2022-07-05,-0.01564351700910475
2022-07-06,0.010345695067526226
2022-07-07,0.015235464117666438
2022-07-08,0.009830368261160903
2022-07-11,-0.015836239687130643
2022-07-12,-0.007037551135017913
2022-07-13,-0.007983661932239745
2022-07-14,4.467802842669701e-05
2022-07-15,0.005174007883210054
2022-07-18,0.0051631337989457605
2022-07-19,0.01664254237111667
2022-07-20,0.003812867733291081
2022-07-21,-0.010303601831778085
2022-07-22,-0.013675341850552341
2022-07-25,0.003772632864846827
2022-07-26,-0.007049557038648882
2022-07-27,-0.0005837827469961448
2022-07-28,0.0023534569878120694
2022-07-29,0.001848170160161764
2022-08-01,-0.004023780441323511
2022-08-02,0.013701503292751705
2022-08-03,0.003639793495260755
2022-08-04,-0.005183397990463195
2022-08-05,0.016847829903659416
2022-08-08,-0.007301021522551095
2022-08-09,0.0012879022697465249
2022-08-10,0.005147370872257416
2022-08-11,0.012534060054913409
2022-08-12,0.0012104129945026602
2022-08-15,-0.0068344731938021815
2022-08-16,0.002411442256834278
2022-08-17,0.002629087485800052
2022-08-18,0.00013710406245838708
2022-08-19,0.0038190983747099757
2022-08-22,-0.00531855498237185
2022-08-23,-0.00026743211781465404
2022-08-24,0.00707248924719783
2022-08-25,-0.004035169677754291
2022-08-26,-0.01104986386804881
2022-08-29,0.0035099684465306363
2022-08-30,-0.001963851458607765
2022-08-31,-0.0022680264656986244
2022-09-01,0.00883454577285997
2022-09-02,-0.004798994736244047
2022-09-05,-0.003955716807237211
2022-09-06,0.013572642214797127
2022-09-07,-0.0032882365363387945
2022-09-08,0.005914203329016234
2022-09-09,0.009724079810858394
2022-09-12,0.011899391183418147
2022-09-13,-0.007063973819643809
2022-09-14,-0.004676797644794863
2022-09-15,-0.0014323747176678207
2022-09-16,-0.004284165478022626
2022-09-19,0.005297201569111032
2022-09-20,0.0025091669233556647
2022-09-21,-0.008078703059736389
2022-09-22,0.008570282742359232
2022-09-23,-0.01032224710117509
2022-09-26,0.007447890808521833
2022-09-27,0.004159598146578599
2022-09-28,-0.014497949798364239
2022-09-29,-0.0020854211842132606
2022-09-30,0.00658738271805118
2022-10-03,-0.004698594977570348
2022-10-04,0.014012659120858618
2022-10-05,0.011535474214849815
2022-10-06,0.0009542564336237567
2022-10-07,-0.007783692385279795
2022-10-10,-0.005300684441820008
2022-10-11,0.0017822814163210644
2022-10-12,-0.004724758318522397
2022-10-13,0.010934404358329637
2022-10-14,-9.000083461814371e-05
2022-10-17,0.009795124321507597
2022-10-18,0.003986756230038374
2022-10-19,0.00765783339942303
2022-10-20,0.00497419824595041
2022-10-21,0.004319497654614665
2022-10-24,0.008289890963425783
2022-10-25,-0.001802904236036637
2022-10-26,-0.005023636014413785
2022-10-27,-0.0047915789515409314
2022-10-28,0.007094918946004153
2022-10-31,0.0032416988600227807
2022-11-01,-0.0016548904194359513
2022-11-02,-0.006269076670793469
2022-11-03,-0.001374921787664798
2022-11-04,0.011666739440370884
2022-11-07,0.01105945487384483
2022-11-08,0.0003246729449279508
2022-11-09,-0.0018685003164533478
2022-11-10,-0.006069843740449384
2022-11-11,0.006031574289646417
2022-11-14,0.006335641825698133
2022-11-15,-0.002186535099654988
2022-11-16,-0.011184193159404995
2022-11-17,0.005851610299944736
2022-11-18,0.0055788064181335984
2022-11-21,-0.0024502839172456208
2022-11-22,-0.0031562252215876253
2022-11-23,-0.0005092420632136211
2022-11-24,0.002815678413435637
2022-11-25,-0.000928078563813678
2022-11-28,-0.005038458989443593
2022-11-29,0.003301943412901235
2022-11-30,0.0034608045169933982
2022-12-01,-0.008565683076724407
2022-12-02,-0.0008538624808466279
2022-12-05,0.0018650528243113655
2022-12-06,-0.01182594385373062
2022-12-07,-0.010028124593204244
2022-12-08,0.009758956340053148
2022-12-09,0.007476605779718259
2022-12-12,0.0037616188622875326
2022-12-13,-0.002310862328224945
2022-12-14,-0.00037304789991736566
2022-12-15,-0.017526269612977232
2022-12-16,-0.0010828038496946465
2022-12-19,0.005805158374653353
2022-12-20,0.010377453591782208
2022-12-21,0.006816128116024984
2022-12-22,-0.008598004849504497
2022-12-23,0.007841940835614562
2022-12-26,0.0012124325828830962
2022-12-27,0.009141285458269161
2022-12-28,-0.0020258326287219477
2022-12-29,0.002066733047031126
2022-12-30,0.0005623207226779453
2023-01-02,0.0009167932985407103
2023-01-03,-0.0024126211772830994
2023-01-04,-0.002304929465310708
2023-01-05,-0.002035874632066052
2023-01-06,-0.004992262269354327
2023-01-09,0.0009434860044235259
2023-01-10,0.010962615400959688
2023-01-11,-0.0007076913267044149
2023-01-12,-0.005393867396304365
2023-01-13,0.010252245712462612
2023-01-16,-0.0003585199188377837
2023-01-17,0.001985510601044088
2023-01-18,-0.017859980126327623
2023-01-19,-0.002448045388296718
2023-01-20,0.013472139671288887
2023-01-23,0.007978859591704232
2023-01-24,-0.0043187915125147015
2023-01-25,-0.00024755244327723757
2023-01-26,0.006103667071129533
2023-01-27,0.002298755275920988
2023-01-30,-0.0014578115305462248
2023-01-31,0.0012348621941077262
2023-02-01,-0.008872750699990056
2023-02-02,0.00832292544562614
2023-02-03,0.0056993861411895035
2023-02-06,0.0028966617637029225
2023-02-07,0.005202975713557323
2023-02-08,-0.0036710199819125953
2023-02-09,0.0017602504127298714
2023-02-10,0.003206225233616361
2023-02-13,0.0003706195657733996
2023-02-14,0.004449749987400879
2023-02-15,0.005321800450758517
2023-02-16,0.0002948597745087006
2023-02-17,-0.0033428780888104196
2023-02-20,0.00017509276739668267
2023-02-21,0.004329984731859027
2023-02-22,-0.0037347732619586954
2023-02-23,-0.0032383146395325987
2023-02-24,-0.0011685030630309476
2023-02-27,0.0014735113663910666
2023-02-28,0.00019821463236475653
2023-03-01,0.0037388611075960154
2023-03-02,0.01005805002438689
2023-03-03,-0.0029237559272779832
2023-03-06,0.0029634450598351515
2023-03-07,-0.0060043483623958525
2023-03-08,-0.0018559612990535776
2023-03-09,-0.006819669037694023
2023-03-10,-0.021253252452339593
2023-03-13,-0.017178981366567148
2023-03-14,0.018079928866007317
2023-03-15,-0.01961465339811854
2023-03-16,0.012289935369850154
2023-03-17,-0.017900659811761907
2023-03-20,0.01363263042525705
2023-03-21,0.01480949529247175
2023-03-22,-0.010119358633815264
2023-03-23,-0.002864200301090038
2023-03-24,-0.006084885597848174
2023-03-27,0.012262954822026103
2023-03-28,0.004457474013263943
2023-03-29,0.006278475909658063
2023-03-30,0.003214044171122191
2023-03-31,-5.994937346736815e-05
2023-04-03,-0.006106131320300016
2023-04-04,-0.00529256651768015
2023-04-05,-0.005005157853564483
2023-04-06,-0.0001636735861051215
2023-04-07,0.00030770993222003704
2023-04-10,0.01030874964702027
2023-04-11,0.002733262638994612
2023-04-12,-0.0007440595551249326
2023-04-13,0.009688765915391057
2023-04-14,0.005923711830109665
2023-04-17,0.003789159979274581
2023-04-18,-0.0006757613611537309
2023-04-19,0.0027785506343812366
2023-04-20,-0.006179896553586641
2023-04-21,0.0023006524989149105
2023-04-24,-0.00392330915218869
2023-04-25,-0.01314547625047624
2023-04-26,-0.000877172554229196
2023-04-27,0.014089259248385845
2023-04-28,-0.005097468677434997
2023-05-01,0.009621463128579505
2023-05-02,-0.01607400946681041
2023-05-03,-0.002383225283922662
2023-05-04,-0.0051428995921985144
2023-05-05,0.012185432650549544
2023-05-08,0.007291100748454579
2023-05-09,-0.0020190945056607615
2023-05-10,-0.007784924114576594
2023-05-11,-0.004314994934459373
2023-05-12,0.004509080139471622
2023-05-15,0.003476927525028362
2023-05-16,0.0010736565615442522
2023-05-17,0.004878661437521182
2023-05-18,0.005708387939742161
2023-05-19,0.006577262467706194
2023-05-22,0.002456089271732984
2023-05-23,-0.006275992659765657
2023-05-24,-0.004679466023140799
2023-05-25,0.008348451539308663
2023-05-26,0.004871090906157301
2023-05-29,-2.5745548201173548e-05
2023-05-30,-0.01048895632494643
2023-05-31,-0.00905970701457661
2023-06-01,0.0014352878977521915
2023-06-02,0.012701800734394135
2023-06-05,-0.002516609412977023
2023-06-06,0.0016779601174846442
2023-06-07,0.00447399973477778
2023-06-08,-0.002853445073582048
2023-06-09,0.003685426514294493
2023-06-12,0.0037521704713309725
2023-06-13,0.008329889995006702
2023-06-14,-0.0008737988173459516
2023-06-15,-0.0023781490298132447
2023-06-16,0.005821554190802704
2023-06-19,-0.0015517959193248995
2023-06-20,-0.006536207433729579
2023-06-21,-0.002661887490309909
2023-06-22,0.006203576112222225
2023-06-23,-0.008126820732973512
2023-06-26,-0.0028054457258097566
2023-06-27,0.006919580465500495
2023-06-28,-0.002132248894457199
2023-06-29,0.011854602283930567
2023-06-30,0.0014743119073942841
2023-07-03,0.003995706962221133
2023-07-04,-0.0002232873334955161
2023-07-05,0.003826864525804888
2023-07-06,-0.0014234986560419357
2023-07-07,0.0022713984461572726
2023-07-10,-0.00047416731555977585
2023-07-11,0.0017835237439230464
2023-07-12,-0.0027827453912370502
2023-07-13,-0.0022463643272381834
2023-07-14,0.006223362286408453
2023-07-17,-0.003259655376023508
2023-07-18,0.002816253113505177
2023-07-19,-0.0037546482101798117
2023-07-20,0.007127610878651997
2023-07-21,-0.001877887520254275
2023-07-24,0.0015674950914663344
2023-07-25,0.004158132696855758
2023-07-26,-0.006696827113130683
2023-07-27,0.01490947012743147
2023-07-28,-0.001449904224797173
2023-07-31,0.0010931695958865887
2023-08-01,0.0043496151262549815
2023-08-02,-0.006900281606893236
2023-08-03,0.004630724017427551
2023-08-04,-0.008608554899798912
2023-08-07,0.0039514572311926946
2023-08-08,-0.007429900399762949
2023-08-09,-0.0023932451517625877
2023-08-10,0.008448946824582826
2023-08-11,0.003300352782090394
2023-08-14,0.0019076859035908357
2023-08-15,-0.002672227256962531
2023-08-16,0.00045911464737455755
2023-08-17,-0.0018713840064379335
2023-08-18,-0.004628996810620281
2023-08-21,0.008688875050637361
2023-08-22,0.0007300434602910966
2023-08-23,-0.006448465260209658
2023-08-24,-0.0013625939341651858
2023-08-25,0.00021125496816419635
2023-08-28,0.002348463411937344
2023-08-29,-0.0005915340606872364
2023-08-30,0.0011641946929855634
2023-08-31,-0.0021439738247211668
2023-09-01,0.003949972336786292
2023-09-04,-0.0013919681402589344
2023-09-05,0.005052872797344959
2023-09-06,-0.0030007721203991157
2023-09-07,-0.0036314918439274914
2023-09-08,0.00046315868596927024
2023-09-11,0.004888008845504089
2023-09-12,-0.003418788817970707
2023-09-13,-0.0017582431920592726
2023-09-14,0.006759562874571644
2023-09-15,-0.00046559807802990004
2023-09-18,-0.0013785214016920825
2023-09-19,0.003080800956290039
2023-09-20,-0.0009241464274081225
2023-09-21,0.0006983742283714419
2023-09-22,-0.00306097364362464
2023-09-25,0.005148356199312578
2023-09-26,-0.005674462506516574
2023-09-27,0.0026634256173456473
2023-09-28,-0.0010885397557915141
2023-09-29,-0.0010627781734834942
2023-10-02,0.00443336420289542
2023-10-03,0.0008164092799693922
2023-10-04,-0.0028881238777865225
2023-10-05,-0.0008471358357887728
2023-10-06,0.010242738072336059
2023-10-09,0.0019713276275477513
2023-10-10,-0.002684003157643437
2023-10-11,-0.0021245904153651893
2023-10-12,0.006347707428385444
2023-10-13,-0.007912705439165104
2023-10-16,0.007486578691881243
2023-10-17,0.009278118306795438
2023-10-18,0.0005951285995053554
2023-10-19,0.0026467387794805986
2023-10-20,-0.008021103934042704
2023-10-23,-0.005024445598244184
2023-10-24,0.0041745847725219686
2023-10-25,0.0034854506725067696
2023-10-26,-0.010548964694364298
2023-10-27,-0.002682912818586154
2023-10-30,0.005277278333647926
2023-10-31,0.003353340363831502
2023-11-01,-0.002749596608831919
2023-11-02,0.00038931293610418695
2023-11-03,-0.00420517638848457
2023-11-06,0.007968707834628847
2023-11-07,-0.006547221210814458
2023-11-08,-0.0030165321067427814
2023-11-09,0.008719942744613641
2023-11-10,-0.0009654885112050094
2023-11-13,0.0028328829124002553
2023-11-14,-0.005007517870859529
2023-11-15,0.01089398825056614
2023-11-16,-0.005612588978518485
2023-11-17,0.001628358573285695
2023-11-20,0.0010441318004469602
2023-11-21,0.0006379410612972402
2023-11-22,0.0006983393484876351
2023-11-23,-7.468460451938132e-05
2023-11-24,0.005217755247353806
2023-11-27,-0.005719248517459899
2023-11-28,-0.0020367568092448905
2023-11-29,-0.0024603395661636136
2023-11-30,0.005909830270771902
2023-12-01,-0.0058966514846592166
2023-12-04,0.00076102845603435
2023-12-05,-0.007911973238689326
2023-12-06,-0.0032587356188097795
2023-12-07,0.0012156406404009365
2023-12-08,0.010235053223812208
2023-12-11,-0.00040642638491378204
2023-12-12,-0.0015796503783761804
2023-12-13,-0.009349533668647159
2023-12-14,-0.002836023172915917
2023-12-15,0.0018000113126965729
2023-12-18,9.4289687697774e-05
2023-12-19,0.00048133172133081137
2023-12-20,-0.005636989694414899
2023-12-21,0.002547886029757956
2023-12-22,0.0027015354874810682
2023-12-25,0.0003701464593304821
2023-12-26,-0.0003724298626784672
2023-12-27,-0.005434676357645592
2023-12-28,0.0050461498743151366
2023-12-29,-0.0002857675944519338
2024-01-01,-0.00022346062796973392
2024-01-02,0.004796886054094304
2024-01-03,-0.011106846762087426
2024-01-04,0.0069965350257256784
2024-01-05,0.004067852692964174
2024-01-08,-6.913846480593577e-05
2024-01-09,0.00032087782428985606
2024-01-10,0.0014464652575549553
2024-01-11,-0.004891130776601088
2024-01-12,0.00151269600488033
2024-01-15,-0.0017900767192412944
2024-01-16,0.006551880839576958
2024-01-17,-0.002540909747425012
2024-01-18,0.007698159809661661
2024-01-19,0.002671513910512477
2024-01-22,-0.0020269205598649
2024-01-23,0.0034068731845205446
2024-01-24,0.006212279676293251
2024-01-25,-0.0008902691512692292
2024-01-26,0.0035609472244674495
2024-01-29,-0.0029936898245610122
2024-01-30,-0.0013286766725012886
2024-01-31,-0.009746448001357549
2024-02-01,-0.006413844672629265
2024-02-02,0.016210447982931062
2024-02-05,0.0067227408769045495
2024-02-06,-0.0036708909459797164
2024-02-07,0.0029121451491843863
2024-02-08,0.006019208393990071
2024-02-09,0.0021707992282272983
2024-02-12,0.00015791062907897585
2024-02-13,0.0032644344461417773
2024-02-14,-0.001979756329615941
2024-02-15,0.0017174253983837245
2024-02-16,0.005093897551842669
2024-02-19,9.652706408743877e-05
2024-02-20,-0.002106648464552839
2024-02-21,0.004814253340531379
2024-02-22,0.0076496289747521335
2024-02-23,-0.00287551047093788
2024-02-26,0.0010344425473879557
2024-02-27,0.0031761969000204926
2024-02-28,-0.0034387079639154644
2024-02-29,-0.00023884365306473562
2024-03-01,-0.0014603225771381949
2024-03-04,0.005445976685405724
2024-03-05,-0.0077736249209771815
2024-03-06,0.00033682989821022
2024-03-07,0.004705268139763897
2024-03-08,-0.0001813216159391902
2024-03-11,-0.00031965412722520135
2024-03-12,0.0068326761492502955
2024-03-13,0.003595815439476668
2024-03-14,0.006550806418637387
2024-03-15,-0.0027476252282677615
2024-03-18,0.003769921545019523
2024-03-19,-0.0012158417406833355
2024-03-20,-0.00033297142417353613
2024-03-21,0.005059925631993945
2024-03-22,-0.007359185658952975
2024-03-25,0.002143699866878981
2024-03-26,-0.0005090111504821685
2024-03-27,0.0002851197785580522
2024-03-28,0.0018686837986692704
2024-03-29,-0.00035006110399160985
2024-04-01,0.009069559536327656
2024-04-02,-0.0005466701422087929
2024-04-03,0.002657277356402672
2024-04-04,-0.004560555126095219
2024-04-05,0.006327507318140673
2024-04-08,0.004441477933034691
2024-04-09,-0.004751496446389857
2024-04-10,0.010864457638175356
2024-04-11,6.237370029730312e-05
2024-04-12,-0.008710576216968873
2024-04-15,0.0062096106674593195
2024-04-16,-0.0005331491787324521
2024-04-17,-0.00696189821850079
2024-04-18,0.0058451413009533515
2024-04-19,-0.004382166608515211
2024-04-22,0.0004849198289496536
2024-04-23,0.003348612540570372
2024-04-24,0.003617913940181339
2024-04-25,0.0006398017269246541
2024-04-26,0.0031613312131173175
2024-04-29,-0.003923418779712367
2024-04-30,-0.003108633514774542
2024-05-01,-0.007120618599956509
2024-05-02,-3.1807777768796073e-06
2024-05-03,-0.0007363524715394347
2024-05-06,0.004201640974172913
2024-05-07,0.0007961951735026684
2024-05-08,0.0024344996547264876
2024-05-09,-0.0011402064337789784
2024-05-10,0.00807779119505387
2024-05-13,-0.0034255012430455265
2024-05-14,-0.00023534112367979896
2024-05-15,-0.0010506628616468079
2024-05-16,0.000929437900014486
2024-05-17,0.0037769438820063556
2024-05-20,0.0023716966898289205
2024-05-21,-0.002509874524088367
2024-05-22,-0.0015076324364771548
2024-05-23,-0.0010737913241916038
2024-05-24,0.000432957244973784
2024-05-27,0.001588145016737687
2024-05-28,0.005132289383249829
2024-05-29,0.00038196649997749817
2024-05-30,-0.005825053011852288
2024-05-31,-0.0012240508626832557
2024-06-03,-0.0051780539294737325
2024-06-04,-0.006151623315942816
2024-06-05,0.0031351751409937853
2024-06-06,0.0012742010018464377
2024-06-07,0.006918747994054813
2024-06-10,-0.00026299044682161877
2024-06-11,-0.006193632556100775
2024-06-12,-0.002268767864941118
2024-06-13,-0.007701915548471952
2024-06-14,-0.005829161146797241
2024-06-17,0.006386905545413502
2024-06-18,-0.0009499936269696494
2024-06-19,-0.001195120028253034
2024-06-20,0.005819470775098147
2024-06-21,-0.0041850316902915215
2024-06-24,0.0007601360348869708
2024-06-25,-0.0002662291620547985
2024-06-26,0.0037873258485735784
2024-06-27,-0.0017721363609444177
2024-06-28,0.0033227449298874508
2024-07-01,0.011744681331093222
2024-07-02,-0.002784425629662287
2024-07-03,-0.0003222705191954691
2024-07-04,0.0017049260110788098
2024-07-05,-0.003479879832847034
2024-07-08,-0.0015123860622592042
2024-07-09,-6.479458026063817e-05
2024-07-10,0.0030857425454511407
2024-07-11,-0.005095813857647043
2024-07-12,0.004170341839769728
2024-07-15,0.0016283034985413035
2024-07-16,-0.0026667219415007094
2024-07-17,-0.006904125432486852
2024-07-18,0.0012195112257713063
2024-07-19,-0.002673042608961803
2024-07-22,0.006327109746527176
2024-07-23,-0.0006521327475473515
2024-07-24,-0.00398169713564365
2024-07-25,-0.008013632998878834
2024-07-26,0.0017548297275039155
2024-07-29,-0.0034280014943463078
2024-07-30,-0.0019318091761073859
2024-07-31,0.0028043377983535812
2024-08-01,-0.0121339778277912
2024-08-02,-0.028832820528070013
2024-08-05,-0.008276453308741192
2024-08-06,0.010481715901261662
2024-08-07,0.00818073433904311
2024-08-08,0.008122256630611176
2024-08-09,-0.002763924694122083
2024-08-12,-0.00145569162188748
2024-08-13,0.0005038823727527304
2024-08-14,-0.00035729306768378074
2024-08-15,0.015630237023101158
2024-08-16,0.00024719754309739713
2024-08-19,0.0023523848985688885
2024-08-20,-0.003300395544049933
2024-08-21,-0.0005453461430701353
2024-08-22,0.0041005050961279935
2024-08-23,-0.0005341556677009435
2024-08-26,0.0013627477717292945
2024-08-27,0.0010971190761078099
2024-08-28,-0.0003534624772662207
2024-08-29,0.004204301040568654
2024-08-30,0.0029958981056232847
2024-09-02,-3.605033327644879e-05
2024-09-03,-0.01165696121008913
2024-09-04,-0.009143951729934312
2024-09-05,-0.003641935265339626
2024-09-06,-0.008566094471192585
2024-09-09,0.0028577996175876445
2024-09-10,-0.005075266267004246
2024-09-11,0.0030780889675973
2024-09-12,0.007173371947608797
2024-09-13,0.00224732751283393
2024-09-16,-0.0026627908538217723
2024-09-17,0.0032703368761097568
2024-09-18,0.0020235350764884054
2024-09-19,0.012754365845903977
2024-09-20,-0.002208954098043627
2024-09-23,0.002251635375167365
2024-09-24,0.0025598629667211666
2024-09-25,0.003978770265768557
2024-09-26,0.005573603008193416
2024-09-27,-0.0023482273915189297
2024-09-30,0.0019525794607458923
2024-10-01,-0.007844947796887677
2024-10-02,0.0016738287920588437
2024-10-03,0.003172048593242373
2024-10-04,0.012524981906508664
2024-10-07,0.0008938339151328823
2024-10-08,0.0005033106353886242
2024-10-09,0.00494346191355604
2024-10-10,0.0011925083785472232
2024-10-11,0.002093233876068961
2024-10-14,0.004323738931606263
2024-10-15,-0.009513148903364112
2024-10-16,-0.0022359424307720303
2024-10-17,0.007685085398333033
2024-10-18,0.0009052668672404956
2024-10-21,0.006809062650883334
2024-10-22,0.0012367449831428715
2024-10-23,-0.001299336930712359
2024-10-24,-0.0015913103194316585
2024-10-25,0.0035536681388122775
2024-10-28,0.004414555881291872
2024-10-29,0.0005424313884456276
2024-10-30,-0.0030421553349386527
2024-10-31,-0.005993836675692333
2024-11-01,0.008733527499288312
2024-11-04,-0.005520919306249263
2024-11-05,0.0019372293984677607
2024-11-06,0.00996518427927149
2024-11-07,-0.004779532989117932
2024-11-08,-0.0029678990747845635
2024-11-11,-0.0019162117430881719
2024-11-12,0.0020023529963733864
2024-11-13,-0.000490783786384369
2024-11-14,-0.0010352847005999507
2024-11-15,-0.004329823617026861
2024-11-18,0.0014477981444061291
2024-11-19,-0.0014483780797258387
2024-11-20,0.0019800511625144212
2024-11-21,0.003668954185763274
2024-11-22,0.0005349531550961795
2024-11-25,-0.012271312415473344
2024-11-26,0.0016014947641996777
2024-11-27,-0.004548931502068301
2024-11-28,0.0024283532161583077
2024-11-29,-0.0008723828013258566
2024-12-02,0.0023581351565115493
2024-12-03,0.0028594206455592316
2024-12-04,0.00031646141881055067
2024-12-05,-2.1984367700296492e-05
2024-12-06,0.0012757613167784436
2024-12-09,0.0031359060947256257
2024-12-10,0.0006420536069261197
2024-12-11,0.006377641137406216
2024-12-12,0.00065852589839201
2024-12-13,0.0034468519397219
2024-12-16,0.0002908091689767171
2024-12-17,-0.0018996811028718092
2024-12-18,0.0012490407965343054
2024-12-19,-0.002798570363453032
2024-12-20,0.00012257633040276775
2024-12-23,0.006684337926682002
2024-12-24,0.0014454089031418105
2024-12-25,-6.242210178040181e-05
2024-12-26,-0.0002095494593335603
2024-12-27,0.0019025906897838004
2024-12-30,-0.008515337880806047
2024-12-31,0.001420293163401224
2025-01-02,-0.00023700041636647668
2025-01-03,0.001819582568758435
2025-01-06,0.00768357534094772
2025-01-07,0.005224861570998271
2025-01-08,-0.0001595699519020165
2025-01-09,0.000984224027267935
2025-01-10,0.001110549468309009
2025-01-13,-0.0012583017935469658
2025-01-14,0.0009036731133723383
2025-01-15,-0.0007725852131294239
2025-01-16,0.0004926203952107517
2025-01-17,0.0038505274699573897
2025-01-20,0.00014859560712142525
2025-01-21,0.002676428815633486
2025-01-22,0.0045697948814807455
2025-01-23,0.003959484741054813
2025-01-24,-0.0006523145395878526
2025-01-27,-0.011005250965871712
2025-01-28,0.004268634392349631
2025-01-29,0.00044265108324713435
2025-01-30,0.0020230252228616904
2025-01-31,0.002020708286568273
2025-02-03,-0.008003802962699667
2025-02-04,0.0034628654309900595
2025-02-05,-0.003565886916126844
2025-02-06,0.005160030380974561
2025-02-07,0.00019143471534078637
2025-02-10,0.0031643378842839366
2025-02-11,0.003947424074247495
2025-02-12,0.0076483838634839995
2025-02-13,-0.0006813962924771188
2025-02-14,-0.003926824731824985
2025-02-17,0.001485809057399814
2025-02-18,0.0073644340312600245
2025-02-19,-0.0038883473972142492
2025-02-20,-0.003018805621988446
2025-02-21,-0.00687875791709244
2025-02-24,-0.0037472523937755586
2025-02-25,-0.0094526412923017
2025-02-26,0.0011249626376377833
2025-02-27,-0.004513898606985
2025-02-28,-0.004404932414117451
2025-03-03,-0.0021594892845754605
2025-03-04,-0.0038996151635103376
2025-03-05,0.012743015701965543
2025-03-06,0.0021971915603036674
2025-03-07,0.0008297819004116811
2025-03-10,-0.014915599265927188
2025-03-11,0.0012560105198566914
2025-03-12,0.007193335230300682
2025-03-13,-0.006017748801041263
2025-03-14,0.009188462462660389
2025-03-17,0.0033202295585206096
2025-03-18,-0.0005863053055186732
2025-03-19,0.0016022863288986076
2025-03-20,-0.004492726256360575
2025-03-21,-0.0012224971187086973
2025-03-24,0.008169189470482171
2025-03-25,0.0005813116936404057
2025-03-26,-0.0028121007938273867
2025-03-27,0.0007878521692027066
2025-03-28,-0.011823646623601953
2025-03-31,-0.0010760040207447492
2025-04-01,-0.0031688239988496812
2025-04-02,0.0038465616166766846
2025-04-03,-0.026796262385585193
2025-04-04,-0.027276411946149114
2025-04-07,-0.00035591949318802634
2025-04-08,0.008750184774896844
2025-04-09,0.025401797578619087
2025-04-10,0.003545430723090714
2025-04-11,0.01655930355378132
2025-04-14,-0.0010675236762481511
2025-04-15,-0.00041628754425970284
2025-04-16,-0.005293219188553204
2025-04-17,0.004064702610199158
2025-04-21,0.0030783007183719513
2025-04-22,0.006791535032983368
2025-04-23,0.002071630335799349
2025-04-24,0.00025073647842790894
2025-04-25,-0.00045074261831420936
2025-04-28,-0.0017663504759080186
2025-04-29,-0.001502527341792865
2025-04-30,-0.0002473598205748241
2025-05-01,0.0010593801820604418
2025-05-02,0.014271406384054443
2025-05-05,0.0029925344171551856
2025-05-06,-0.0019142019506038846
2025-05-07,-0.003069137507616846
2025-05-08,0.007004896452471753
2025-05-09,0.0004944818818349255
2025-05-12,0.011642250094011083
2025-05-13,0.003367171603940349
2025-05-14,0.0014411080007990871
2025-05-15,-0.0025687828133079352
2025-05-16,5.592869263773602e-06
2025-05-19,0.0038235158799858854
2025-05-20,0.003030017614500519
2025-05-21,0.006190342896917047
2025-05-22,-0.0037618233891086915
2025-05-23,-0.0066424494356003075
2025-05-26,0.004181203650116279
2025-05-27,-0.0018977999819429299
2025-05-28,-0.0006667286727881612
2025-05-29,-0.0038938398923823382
2025-05-30,0.0007073386151649233
2025-06-02,0.0055288620783883625
2025-06-03,0.0029219635048581103
2025-06-04,-0.005866845942366774
2025-06-05,0.0011089401923169376
2025-06-06,0.010303472118697655
2025-06-09,-0.0022066693341070208
2025-06-10,2.943495567081343e-05
2025-06-11,-0.005381939963664553
2025-06-12,-0.0011713975597449516
2025-06-13,0.0027146137914322967
2025-06-16,0.003838128582339608
2025-06-17,-0.007976424634336761
2025-06-18,-0.0017125165066560807
2025-06-19,-0.0027608748685390423
2025-06-20,-0.0005676925027059875
2025-06-23,-0.002252543614768863
2025-06-24,0.0030884559129038414
2025-06-25,-0.0011898222518792107
2025-06-26,-9.500616751547804e-05
2025-06-27,0.0045730885174067705
2025-06-30,-0.0023160677417325545
2025-07-01,0.00276713952217081
2025-07-02,0.005915071410481798
2025-07-03,0.0058156909476207415
2025-07-04,-0.0025053347564006124
2025-07-07,0.0037797285674555526
2025-07-08,0.0008425864462065038
2025-07-09,-0.0011329598393615703
2025-07-10,0.0008411091591564107
2025-07-11,0.0032546252861551037
2025-07-14,-0.0004045627948164693
2025-07-15,0.0018369951484252592
2025-07-16,-0.00408277358837664
2025-07-17,0.004690828911181578
2025-07-18,-0.002740070896779552
2025-07-21,-0.002706307632592215
2025-07-22,-0.0021435122142229243
2025-07-23,0.006596719193253818
2025-07-24,0.0018275534530431564
2025-07-25,-0.002233205422554307
2025-07-28,0.0010684951002101002
2025-07-29,-0.007521384530636645
2025-07-30,0.001813731411751015
2025-07-31,-0.0067699771992021235
2025-08-01,-0.011472275325999436
2025-08-04,0.0021888070930221027
2025-08-05,-0.0008046281612004106
2025-08-06,0.003541493352000017
2025-08-07,0.006182872084756704
2025-08-08,0.006390781865282845
2025-08-11,-0.0049625267210510055
2025-08-12,0.0031791570121120546
2025-08-13,2.521146975053201e-05
2025-08-14,0.005556350541992696
2025-08-15,0.0013371505840613029
2025-08-18,0.00118318730174476
2025-08-19,-0.0033057601576678714
2025-08-20,-0.0008473546863492371
2025-08-21,0.001154645489294586
2025-08-22,-0.0004705806417797324
2025-08-25,0.0002176688833409219
2025-08-26,-0.0037224426052814143
2025-08-27,0.00024528135131811113
2025-08-28,-0.0004940121046785375
2025-08-29,0.0002541918100136152
2025-09-01,0.0007481335728782876
2025-09-02,0.0018524729105842636
2025-09-03,-0.0025100809174351544
2025-09-04,-0.0003742747343289392
2025-09-05,-0.0069815372443694885
2025-09-08,0.0007915874816640282
2025-09-09,0.003926063632435121
2025-09-10,-0.003910096651283401
2025-09-11,0.0008926404989729598
2025-09-12,0.004643728639645335
2025-09-15,0.0015269684648972692
2025-09-16,-0.0025561688923537375
2025-09-17,0.005041119951565103
2025-09-18,0.004421737739786448
2025-09-19,0.0037490172466499313
2025-09-22,0.0015164493698455739
2025-09-23,0.0004891599516497419
2025-09-24,3.864194255106938e-05
2025-09-25,-0.0009789130821919742
2025-09-26,0.003879372616621121
2025-09-29,-0.0005490359891711285
2025-09-30,0.0030763455880322725
2025-10-01,0.000238616926493753
2025-10-02,0.00035527907190183736
2025-10-03,0.0034006161968604424
2025-10-06,0.004542198953341608
2025-10-07,-0.0031628466962190663
2025-10-08,0.0033000181969235747
2025-10-09,-0.0028491943843064744
2025-10-10,-0.016357224255619925
2025-10-13,0.008328421890000071
2025-10-14,-0.00293308159245985
2025-10-15,0.006018279787720831
2025-10-16,-0.0016282756105067638
2025-10-17,0.0005767058226064043
2025-10-20,0.005867714184307928
2025-10-21,-0.0076518420949950195
2025-10-22,-0.0053328312426086915
2025-10-23,0.007186975407272445
2025-10-24,0.002235196708535162
2025-10-27,0.0010927312545037132
2025-10-28,-0.0013821683516132516
2025-10-29,0.006184109510850801
2025-10-30,-0.00014356993755045878
2025-10-31,-0.0012104698792209287
2025-11-03,0.0010006368065420142
2025-11-04,-0.005755929232272414
2025-11-05,0.006230701047293197
2025-11-06,-0.00877248127535541
2025-11-07,5.343882734998903e-05
2025-11-10,0.010467403421504746
2025-11-11,0.0034036619838377293
2025-11-12,0.0011064245719063985
2025-11-13,-0.001770833853911569
2025-11-14,-0.0009150153241339249
2025-11-17,-0.005551324368373145
2025-11-18,-0.006786376857348316
2025-11-19,0.0019819391646805026
2025-11-20,-0.005322791243837077
2025-11-21,-0.0027912418094497796
2025-11-24,0.001614399100414028
2025-11-25,0.0021132531207084092
2025-11-26,0.005387594816238251
2025-11-27,0.000558802159192246
2025-11-28,0.004247771197564238
2025-12-01,0.005275226941515236
2025-12-02,-0.0007281654260577849
2025-12-03,-0.0005954323735843343
2025-12-04,0.005753813673480719
2025-12-05,0.002460399150355885
2025-12-08,0.0010875865483745157
2025-12-09,0.0010611191468550144
2025-12-10,-0.0010633609823134738
2025-12-11,0.0037049364920247875
2025-12-12,0.0015037989959173442
2025-12-15,5.2724511516540556e-05
2025-12-16,-0.0038259029597834454
2025-12-17,-0.002549214854629147
2025-12-18,0.0008364051523388868
2025-12-19,0.0051637850058172
2025-12-22,0.0035917085705924746
2025-12-23,0.0029442441654007807
2025-12-24,-0.0012880563034667516
2025-12-26,0.0008435812485268323
2025-12-29,-0.006892475875263473
2025-12-30,0.0033225464358613687
